Workbook

Sheet All
A1: School | B1: Private? | C1: Board Division | D1: District | F1: Enrollment | G1: CCB | H1: CCG | I1: GOB | J1: GOG | K1: SOB | L1: TNG | M1: VBG | O1: Enrollment | P1: BKB | Q1: BKG | R1: CHC | S1: DAC | T1: SCB | U1: WR | W1: Enrollment | X1: BA | Y1: SBG | Z1: SOG | AA1: TNB | AB1: TRB | AC1: TRG | AD1: FF | AE1: FF
A2: Abingdon (A.-Avon) | B2: =IFERROR(VLOOKUP(A2,'Public v Private'!A:G,3,FALSE),"") -> 0 | C2: =IFERROR(VLOOKUP(A2,'Public v Private'!A:G,4,FALSE),"") -> 0 | D2: =IFERROR(VLOOKUP(A2,'Public v Private'!A:G,5,FALSE),"") -> 0 | F2: =IFERROR(INDEX(Fall!$1:$1048576,MATCH(All!$A2,Fall!$A:$A,FALSE),MATCH(All!F$1,Fall!$1:$1,FALSE)),"N/A") -> 270 | G2: =IFERROR(IF(INDEX(Fall!$1:$1048576,MATCH(All!$A2,Fall!$A:$A,FALSE),MATCH(All!G$1,Fall!$1:$1,FALSE))="","",INDEX(Fall!$1:$1048576,MATCH(All!$A2,Fall!$A:$A,FALSE),MATCH(All!G$1,Fall!$1:$1,FALSE))),"") -> 1A | H2: =IFERROR(IF(INDEX(Fall!$1:$1048576,MATCH(All!$A2,Fall!$A:$A,FALSE),MATCH(All!H$1,Fall!$1:$1,FALSE))="","",INDEX(Fall!$1:$1048576,MATCH(All!$A2,Fall!$A:$A,FALSE),MATCH(All!H$1,Fall!$1:$1,FALSE))),"") -> 1A | I2: =IFERROR(IF(INDEX(Fall!$1:$1048576,MATCH(All!$A2,Fall!$A:$A,FALSE),MATCH(All!I$1,Fall!$1:$1,FALSE))="","",INDEX(Fall!$1:$1048576,MATCH(All!$A2,Fall!$A:$A,FALSE),MATCH(All!I$1,Fall!$1:$1,FALSE))),"") -> 1A | J2: =IFERROR(IF(INDEX(Fall!$1:$1048576,MATCH(All!$A2,Fall!$A:$A,FALSE),MATCH(All!J$1,Fall!$1:$1,FALSE))="","",INDEX(Fall!$1:$1048576,MATCH(All!$A2,Fall!$A:$A,FALSE),MATCH(All!J$1,Fall!$1:$1,FALSE))),"") | K2: =IFERROR(IF(INDEX(Fall!$1:$1048576,MATCH(All!$A2,Fall!$A:$A,FALSE),MATCH(All!K$1,Fall!$1:$1,FALSE))="","",INDEX(Fall!$1:$1048576,MATCH(All!$A2,Fall!$A:$A,FALSE),MATCH(All!K$1,Fall!$1:$1,FALSE))),"") -> 1A | L2: =IFERROR(IF(INDEX(Fall!$1:$1048576,MATCH(All!$A2,Fall!$A:$A,FALSE),MATCH(All!L$1,Fall!$1:$1,FALSE))="","",INDEX(Fall!$1:$1048576,MATCH(All!$A2,Fall!$A:$A,FALSE),MATCH(All!L$1,Fall!$1:$1,FALSE))),"") | M2: =IFERROR(IF(INDEX(Fall!$1:$1048576,MATCH(All!$A2,Fall!$A:$A,FALSE),MATCH(All!M$1,Fall!$1:$1,FALSE))="","",INDEX(Fall!$1:$1048576,MATCH(All!$A2,Fall!$A:$A,FALSE),MATCH(All!M$1,Fall!$1:$1,FALSE))),"") -> 1A | O2: =IFERROR(IF(INDEX(Winter!$1:$1048576,MATCH(All!$A2,Winter!$A:$A,FALSE),MATCH(All!O$1,Winter!$1:$1,FALSE))="","",INDEX(Winter!$1:$1048576,MATCH(All!$A2,Winter!$A:$A,FALSE),MATCH(All!O$1,Winter!$1:$1,FALSE))),"") -> 270 | P2: =IFERROR(IF(INDEX(Winter!$1:$1048576,MATCH(All!$A2,Winter!$A:$A,FALSE),MATCH(All!P$1,Winter!$1:$1,FALSE))="","",INDEX(Winter!$1:$1048576,MATCH(All!$A2,Winter!$A:$A,FALSE),MATCH(All!P$1,Winter!$1:$1,FALSE))),"") -> 1A | Q2: =IFERROR(IF(INDEX(Winter!$1:$1048576,MATCH(All!$A2,Winter!$A:$A,FALSE),MATCH(All!Q$1,Winter!$1:$1,FALSE))="","",INDEX(Winter!$1:$1048576,MATCH(All!$A2,Winter!$A:$A,FALSE),MATCH(All!Q$1,Winter!$1:$1,FALSE))),"") -> 1A | R2: =IFERROR(IF(INDEX(Winter!$1:$1048576,MATCH(All!$A2,Winter!$A:$A,FALSE),MATCH(All!R$1,Winter!$1:$1,FALSE))="","",INDEX(Winter!$1:$1048576,MATCH(All!$A2,Winter!$A:$A,FALSE),MATCH(All!R$1,Winter!$1:$1,FALSE))),"") | S2: =IFERROR(IF(INDEX(Winter!$1:$1048576,MATCH(All!$A2,Winter!$A:$A,FALSE),MATCH(All!S$1,Winter!$1:$1,FALSE))="","",INDEX(Winter!$1:$1048576,MATCH(All!$A2,Winter!$A:$A,FALSE),MATCH(All!S$1,Winter!$1:$1,FALSE))),"") | T2: =IFERROR(IF(INDEX(Winter!$1:$1048576,MATCH(All!$A2,Winter!$A:$A,FALSE),MATCH(All!T$1,Winter!$1:$1,FALSE))="","",INDEX(Winter!$1:$1048576,MATCH(All!$A2,Winter!$A:$A,FALSE),MATCH(All!T$1,Winter!$1:$1,FALSE))),"") -> 1A | U2: =IFERROR(IF(INDEX(Winter!$1:$1048576,MATCH(All!$A2,Winter!$A:$A,FALSE),MATCH(All!U$1,Winter!$1:$1,FALSE))="","",INDEX(Winter!$1:$1048576,MATCH(All!$A2,Winter!$A:$A,FALSE),MATCH(All!U$1,Winter!$1:$1,FALSE))),"") -> 1A | W2: =IFERROR(IF(INDEX(Spring!$1:$1048576,MATCH(All!$A2,Spring!$A:$A,FALSE),MATCH(All!W$1,Spring!$1:$1,FALSE))="","",INDEX(Spring!$1:$1048576,MATCH(All!$A2,Spring!$A:$A,FALSE),MATCH(All!W$1,Spring!$1:$1,FALSE))),"") -> 270 | X2: =IFERROR(IF(INDEX(Spring!$1:$1048576,MATCH(All!$A2,Spring!$A:$A,FALSE),MATCH(All!X$1,Spring!$1:$1,FALSE))="","",INDEX(Spring!$1:$1048576,MATCH(All!$A2,Spring!$A:$A,FALSE),MATCH(All!X$1,Spring!$1:$1,FALSE))),"") -> 1A | Y2: =IFERROR(IF(INDEX(Spring!$1:$1048576,MATCH(All!$A2,Spring!$A:$A,FALSE),MATCH(All!Y$1,Spring!$1:$1,FALSE))="","",INDEX(Spring!$1:$1048576,MATCH(All!$A2,Spring!$A:$A,FALSE),MATCH(All!Y$1,Spring!$1:$1,FALSE))),"") -> 1A | Z2: =IFERROR(IF(INDEX(Spring!$1:$1048576,MATCH(All!$A2,Spring!$A:$A,FALSE),MATCH(All!Z$1,Spring!$1:$1,FALSE))="","",INDEX(Spring!$1:$1048576,MATCH(All!$A2,Spring!$A:$A,FALSE),MATCH(All!Z$1,Spring!$1:$1,FALSE))),"") | AA2: =IFERROR(IF(INDEX(Spring!$1:$1048576,MATCH(All!$A2,Spring!$A:$A,FALSE),MATCH(All!AA$1,Spring!$1:$1,FALSE))="","",INDEX(Spring!$1:$1048576,MATCH(All!$A2,Spring!$A:$A,FALSE),MATCH(All!AA$1,Spring!$1:$1,FALSE))),"") | AB2: =IFERROR(IF(INDEX(Spring!$1:$1048576,MATCH(All!$A2,Spring!$A:$A,FALSE),MATCH(All!AB$1,Spring!$1:$1,FALSE))="","",INDEX(Spring!$1:$1048576,MATCH(All!$A2,Spring!$A:$A,FALSE),MATCH(All!AB$1,Spring!$1:$1,FALSE))),"") -> 1A | AC2: =IFERROR(IF(INDEX(Spring!$1:$1048576,MATCH(All!$A2,Spring!$A:$A,FALSE),MATCH(All!AC$1,Spring!$1:$1,FALSE))="","",INDEX(Spring!$1:$1048576,MATCH(All!$A2,Spring!$A:$A,FALSE),MATCH(All!AC$1,Spring!$1:$1,FALSE))),"") -> 1A | AD2: =IFERROR(VLOOKUP(A2,'Flag Football'!A:A,1,FALSE),"") | AE2: =IF(AD2="","","1A")
A3: Addison (A. Trail) | B3: =IFERROR(VLOOKUP(A3,'Public v Private'!A:G,3,FALSE),"") -> 0 | C3: =IFERROR(VLOOKUP(A3,'Public v Private'!A:G,4,FALSE),"") -> 0 | D3: =IFERROR(VLOOKUP(A3,'Public v Private'!A:G,5,FALSE),"") -> 0 | F3: =IFERROR(INDEX(Fall!$1:$1048576,MATCH(All!$A3,Fall!$A:$A,FALSE),MATCH(All!F$1,Fall!$1:$1,FALSE)),"N/A") -> 1840 | G3: =IFERROR(IF(INDEX(Fall!$1:$1048576,MATCH(All!$A3,Fall!$A:$A,FALSE),MATCH(All!G$1,Fall!$1:$1,FALSE))="","",INDEX(Fall!$1:$1048576,MATCH(All!$A3,Fall!$A:$A,FALSE),MATCH(All!G$1,Fall!$1:$1,FALSE))),"") -> 3A | H3: =IFERROR(IF(INDEX(Fall!$1:$1048576,MATCH(All!$A3,Fall!$A:$A,FALSE),MATCH(All!H$1,Fall!$1:$1,FALSE))="","",INDEX(Fall!$1:$1048576,MATCH(All!$A3,Fall!$A:$A,FALSE),MATCH(All!H$1,Fall!$1:$1,FALSE))),"") -> 3A | I3: =IFERROR(IF(INDEX(Fall!$1:$1048576,MATCH(All!$A3,Fall!$A:$A,FALSE),MATCH(All!I$1,Fall!$1:$1,FALSE))="","",INDEX(Fall!$1:$1048576,MATCH(All!$A3,Fall!$A:$A,FALSE),MATCH(All!I$1,Fall!$1:$1,FALSE))),"") -> 3A | J3: =IFERROR(IF(INDEX(Fall!$1:$1048576,MATCH(All!$A3,Fall!$A:$A,FALSE),MATCH(All!J$1,Fall!$1:$1,FALSE))="","",INDEX(Fall!$1:$1048576,MATCH(All!$A3,Fall!$A:$A,FALSE),MATCH(All!J$1,Fall!$1:$1,FALSE))),"") -> 2A | K3: =IFERROR(IF(INDEX(Fall!$1:$1048576,MATCH(All!$A3,Fall!$A:$A,FALSE),MATCH(All!K$1,Fall!$1:$1,FALSE))="","",INDEX(Fall!$1:$1048576,MATCH(All!$A3,Fall!$A:$A,FALSE),MATCH(All!K$1,Fall!$1:$1,FALSE))),"") -> 3A | L3: =IFERROR(IF(INDEX(Fall!$1:$1048576,MATCH(All!$A3,Fall!$A:$A,FALSE),MATCH(All!L$1,Fall!$1:$1,FALSE))="","",INDEX(Fall!$1:$1048576,MATCH(All!$A3,Fall!$A:$A,FALSE),MATCH(All!L$1,Fall!$1:$1,FALSE))),"") -> 2A | M3: =IFERROR(IF(INDEX(Fall!$1:$1048576,MATCH(All!$A3,Fall!$A:$A,FALSE),MATCH(All!M$1,Fall!$1:$1,FALSE))="","",INDEX(Fall!$1:$1048576,MATCH(All!$A3,Fall!$A:$A,FALSE),MATCH(All!M$1,Fall!$1:$1,FALSE))),"") -> 4A | O3: =IFERROR(IF(INDEX(Winter!$1:$1048576,MATCH(All!$A3,Winter!$A:$A,FALSE),MATCH(All!O$1,Winter!$1:$1,FALSE))="","",INDEX(Winter!$1:$1048576,MATCH(All!$A3,Winter!$A:$A,FALSE),MATCH(All!O$1,Winter!$1:$1,FALSE))),"") -> 1840 | P3: =IFERROR(IF(INDEX(Winter!$1:$1048576,MATCH(All!$A3,Winter!$A:$A,FALSE),MATCH(All!P$1,Winter!$1:$1,FALSE))="","",INDEX(Winter!$1:$1048576,MATCH(All!$A3,Winter!$A:$A,FALSE),MATCH(All!P$1,Winter!$1:$1,FALSE))),"") -> 4A | Q3: =IFERROR(IF(INDEX(Winter!$1:$1048576,MATCH(All!$A3,Winter!$A:$A,FALSE),MATCH(All!Q$1,Winter!$1:$1,FALSE))="","",INDEX(Winter!$1:$1048576,MATCH(All!$A3,Winter!$A:$A,FALSE),MATCH(All!Q$1,Winter!$1:$1,FALSE))),"") -> 4A | R3: =IFERROR(IF(INDEX(Winter!$1:$1048576,MATCH(All!$A3,Winter!$A:$A,FALSE),MATCH(All!R$1,Winter!$1:$1,FALSE))="","",INDEX(Winter!$1:$1048576,MATCH(All!$A3,Winter!$A:$A,FALSE),MATCH(All!R$1,Winter!$1:$1,FALSE))),"") -> C | S3: =IFERROR(IF(INDEX(Winter!$1:$1048576,MATCH(All!$A3,Winter!$A:$A,FALSE),MATCH(All!S$1,Winter!$1:$1,FALSE))="","",INDEX(Winter!$1:$1048576,MATCH(All!$A3,Winter!$A:$A,FALSE),MATCH(All!S$1,Winter!$1:$1,FALSE))),"") -> 2A | T3: =IFERROR(IF(INDEX(Winter!$1:$1048576,MATCH(All!$A3,Winter!$A:$A,FALSE),MATCH(All!T$1,Winter!$1:$1,FALSE))="","",INDEX(Winter!$1:$1048576,MATCH(All!$A3,Winter!$A:$A,FALSE),MATCH(All!T$1,Winter!$1:$1,FALSE))),"") -> 2A | U3: =IFERROR(IF(INDEX(Winter!$1:$1048576,MATCH(All!$A3,Winter!$A:$A,FALSE),MATCH(All!U$1,Winter!$1:$1,FALSE))="","",INDEX(Winter!$1:$1048576,MATCH(All!$A3,Winter!$A:$A,FALSE),MATCH(All!U$1,Winter!$1:$1,FALSE))),"") -> 3A | W3: =IFERROR(IF(INDEX(Spring!$1:$1048576,MATCH(All!$A3,Spring!$A:$A,FALSE),MATCH(All!W$1,Spring!$1:$1,FALSE))="","",INDEX(Spring!$1:$1048576,MATCH(All!$A3,Spring!$A:$A,FALSE),MATCH(All!W$1,Spring!$1:$1,FALSE))),"") -> 1840 | X3: =IFERROR(IF(INDEX(Spring!$1:$1048576,MATCH(All!$A3,Spring!$A:$A,FALSE),MATCH(All!X$1,Spring!$1:$1,FALSE))="","",INDEX(Spring!$1:$1048576,MATCH(All!$A3,Spring!$A:$A,FALSE),MATCH(All!X$1,Spring!$1:$1,FALSE))),"") -> 4A | Y3: =IFERROR(IF(INDEX(Spring!$1:$1048576,MATCH(All!$A3,Spring!$A:$A,FALSE),MATCH(All!Y$1,Spring!$1:$1,FALSE))="","",INDEX(Spring!$1:$1048576,MATCH(All!$A3,Spring!$A:$A,FALSE),MATCH(All!Y$1,Spring!$1:$1,FALSE))),"") -> 4A | Z3: =IFERROR(IF(INDEX(Spring!$1:$1048576,MATCH(All!$A3,Spring!$A:$A,FALSE),MATCH(All!Z$1,Spring!$1:$1,FALSE))="","",INDEX(Spring!$1:$1048576,MATCH(All!$A3,Spring!$A:$A,FALSE),MATCH(All!Z$1,Spring!$1:$1,FALSE))),"") -> 3A | AA3: =IFERROR(IF(INDEX(Spring!$1:$1048576,MATCH(All!$A3,Spring!$A:$A,FALSE),MATCH(All!AA$1,Spring!$1:$1,FALSE))="","",INDEX(Spring!$1:$1048576,MATCH(All!$A3,Spring!$A:$A,FALSE),MATCH(All!AA$1,Spring!$1:$1,FALSE))),"") -> 2A | AB3: =IFERROR(IF(INDEX(Spring!$1:$1048576,MATCH(All!$A3,Spring!$A:$A,FALSE),MATCH(All!AB$1,Spring!$1:$1,FALSE))="","",INDEX(Spring!$1:$1048576,MATCH(All!$A3,Spring!$A:$A,FALSE),MATCH(All!AB$1,Spring!$1:$1,FALSE))),"") -> 3A | AC3: =IFERROR(IF(INDEX(Spring!$1:$1048576,MATCH(All!$A3,Spring!$A:$A,FALSE),MATCH(All!AC$1,Spring!$1:$1,FALSE))="","",INDEX(Spring!$1:$1048576,MATCH(All!$A3,Spring!$A:$A,FALSE),MATCH(All!AC$1,Spring!$1:$1,FALSE))),"") -> 3A | AD3: =IFERROR(VLOOKUP(A3,'Flag Football'!A:A,1,FALSE),"") -> Addison (A. Trail) | AE3: =IF(AD3="","","1A") -> 1A
A4: Albion (Edwards County) | B4: =IFERROR(VLOOKUP(A4,'Public v Private'!A:G,3,FALSE),"") -> 0 | C4: =IFERROR(VLOOKUP(A4,'Public v Private'!A:G,4,FALSE),"") -> 0 | D4: =IFERROR(VLOOKUP(A4,'Public v Private'!A:G,5,FALSE),"") -> 0 | F4: =IFERROR(INDEX(Fall!$1:$1048576,MATCH(All!$A4,Fall!$A:$A,FALSE),MATCH(All!F$1,Fall!$1:$1,FALSE)),"N/A") -> 215 | G4: =IFERROR(IF(INDEX(Fall!$1:$1048576,MATCH(All!$A4,Fall!$A:$A,FALSE),MATCH(All!G$1,Fall!$1:$1,FALSE))="","",INDEX(Fall!$1:$1048576,MATCH(All!$A4,Fall!$A:$A,FALSE),MATCH(All!G$1,Fall!$1:$1,FALSE))),"") | H4: =IFERROR(IF(INDEX(Fall!$1:$1048576,MATCH(All!$A4,Fall!$A:$A,FALSE),MATCH(All!H$1,Fall!$1:$1,FALSE))="","",INDEX(Fall!$1:$1048576,MATCH(All!$A4,Fall!$A:$A,FALSE),MATCH(All!H$1,Fall!$1:$1,FALSE))),"") | I4: =IFERROR(IF(INDEX(Fall!$1:$1048576,MATCH(All!$A4,Fall!$A:$A,FALSE),MATCH(All!I$1,Fall!$1:$1,FALSE))="","",INDEX(Fall!$1:$1048576,MATCH(All!$A4,Fall!$A:$A,FALSE),MATCH(All!I$1,Fall!$1:$1,FALSE))),"") -> 1A | J4: =IFERROR(IF(INDEX(Fall!$1:$1048576,MATCH(All!$A4,Fall!$A:$A,FALSE),MATCH(All!J$1,Fall!$1:$1,FALSE))="","",INDEX(Fall!$1:$1048576,MATCH(All!$A4,Fall!$A:$A,FALSE),MATCH(All!J$1,Fall!$1:$1,FALSE))),"") -> 1A | K4: =IFERROR(IF(INDEX(Fall!$1:$1048576,MATCH(All!$A4,Fall!$A:$A,FALSE),MATCH(All!K$1,Fall!$1:$1,FALSE))="","",INDEX(Fall!$1:$1048576,MATCH(All!$A4,Fall!$A:$A,FALSE),MATCH(All!K$1,Fall!$1:$1,FALSE))),"") | L4: =IFERROR(IF(INDEX(Fall!$1:$1048576,MATCH(All!$A4,Fall!$A:$A,FALSE),MATCH(All!L$1,Fall!$1:$1,FALSE))="","",INDEX(Fall!$1:$1048576,MATCH(All!$A4,Fall!$A:$A,FALSE),MATCH(All!L$1,Fall!$1:$1,FALSE))),"") | M4: =IFERROR(IF(INDEX(Fall!$1:$1048576,MATCH(All!$A4,Fall!$A:$A,FALSE),MATCH(All!M$1,Fall!$1:$1,FALSE))="","",INDEX(Fall!$1:$1048576,MATCH(All!$A4,Fall!$A:$A,FALSE),MATCH(All!M$1,Fall!$1:$1,FALSE))),"") -> 1A | O4: =IFERROR(IF(INDEX(Winter!$1:$1048576,MATCH(All!$A4,Winter!$A:$A,FALSE),MATCH(All!O$1,Winter!$1:$1,FALSE))="","",INDEX(Winter!$1:$1048576,MATCH(All!$A4,Winter!$A:$A,FALSE),MATCH(All!O$1,Winter!$1:$1,FALSE))),"") -> 215 | P4: =IFERROR(IF(INDEX(Winter!$1:$1048576,MATCH(All!$A4,Winter!$A:$A,FALSE),MATCH(All!P$1,Winter!$1:$1,FALSE))="","",INDEX(Winter!$1:$1048576,MATCH(All!$A4,Winter!$A:$A,FALSE),MATCH(All!P$1,Winter!$1:$1,FALSE))),"") -> 1A | Q4: =IFERROR(IF(INDEX(Winter!$1:$1048576,MATCH(All!$A4,Winter!$A:$A,FALSE),MATCH(All!Q$1,Winter!$1:$1,FALSE))="","",INDEX(Winter!$1:$1048576,MATCH(All!$A4,Winter!$A:$A,FALSE),MATCH(All!Q$1,Winter!$1:$1,FALSE))),"") -> 1A | R4: =IFERROR(IF(INDEX(Winter!$1:$1048576,MATCH(All!$A4,Winter!$A:$A,FALSE),MATCH(All!R$1,Winter!$1:$1,FALSE))="","",INDEX(Winter!$1:$1048576,MATCH(All!$A4,Winter!$A:$A,FALSE),MATCH(All!R$1,Winter!$1:$1,FALSE))),"") | S4: =IFERROR(IF(INDEX(Winter!$1:$1048576,MATCH(All!$A4,Winter!$A:$A,FALSE),MATCH(All!S$1,Winter!$1:$1,FALSE))="","",INDEX(Winter!$1:$1048576,MATCH(All!$A4,Winter!$A:$A,FALSE),MATCH(All!S$1,Winter!$1:$1,FALSE))),"") | T4: =IFERROR(IF(INDEX(Winter!$1:$1048576,MATCH(All!$A4,Winter!$A:$A,FALSE),MATCH(All!T$1,Winter!$1:$1,FALSE))="","",INDEX(Winter!$1:$1048576,MATCH(All!$A4,Winter!$A:$A,FALSE),MATCH(All!T$1,Winter!$1:$1,FALSE))),"") -> 1A | U4: =IFERROR(IF(INDEX(Winter!$1:$1048576,MATCH(All!$A4,Winter!$A:$A,FALSE),MATCH(All!U$1,Winter!$1:$1,FALSE))="","",INDEX(Winter!$1:$1048576,MATCH(All!$A4,Winter!$A:$A,FALSE),MATCH(All!U$1,Winter!$1:$1,FALSE))),"") | W4: =IFERROR(IF(INDEX(Spring!$1:$1048576,MATCH(All!$A4,Spring!$A:$A,FALSE),MATCH(All!W$1,Spring!$1:$1,FALSE))="","",INDEX(Spring!$1:$1048576,MATCH(All!$A4,Spring!$A:$A,FALSE),MATCH(All!W$1,Spring!$1:$1,FALSE))),"") -> 215 | X4: =IFERROR(IF(INDEX(Spring!$1:$1048576,MATCH(All!$A4,Spring!$A:$A,FALSE),MATCH(All!X$1,Spring!$1:$1,FALSE))="","",INDEX(Spring!$1:$1048576,MATCH(All!$A4,Spring!$A:$A,FALSE),MATCH(All!X$1,Spring!$1:$1,FALSE))),"") -> 1A | Y4: =IFERROR(IF(INDEX(Spring!$1:$1048576,MATCH(All!$A4,Spring!$A:$A,FALSE),MATCH(All!Y$1,Spring!$1:$1,FALSE))="","",INDEX(Spring!$1:$1048576,MATCH(All!$A4,Spring!$A:$A,FALSE),MATCH(All!Y$1,Spring!$1:$1,FALSE))),"") -> 1A | Z4: =IFERROR(IF(INDEX(Spring!$1:$1048576,MATCH(All!$A4,Spring!$A:$A,FALSE),MATCH(All!Z$1,Spring!$1:$1,FALSE))="","",INDEX(Spring!$1:$1048576,MATCH(All!$A4,Spring!$A:$A,FALSE),MATCH(All!Z$1,Spring!$1:$1,FALSE))),"") | AA4: =IFERROR(IF(INDEX(Spring!$1:$1048576,MATCH(All!$A4,Spring!$A:$A,FALSE),MATCH(All!AA$1,Spring!$1:$1,FALSE))="","",INDEX(Spring!$1:$1048576,MATCH(All!$A4,Spring!$A:$A,FALSE),MATCH(All!AA$1,Spring!$1:$1,FALSE))),"") | AB4: =IFERROR(IF(INDEX(Spring!$1:$1048576,MATCH(All!$A4,Spring!$A:$A,FALSE),MATCH(All!AB$1,Spring!$1:$1,FALSE))="","",INDEX(Spring!$1:$1048576,MATCH(All!$A4,Spring!$A:$A,FALSE),MATCH(All!AB$1,Spring!$1:$1,FALSE))),"") | AC4: =IFERROR(IF(INDEX(Spring!$1:$1048576,MATCH(All!$A4,Spring!$A:$A,FALSE),MATCH(All!AC$1,Spring!$1:$1,FALSE))="","",INDEX(Spring!$1:$1048576,MATCH(All!$A4,Spring!$A:$A,FALSE),MATCH(All!AC$1,Spring!$1:$1,FALSE))),"") | AD4: =IFERROR(VLOOKUP(A4,'Flag Football'!A:A,1,FALSE),"") | AE4: =IF(AD4="","","1A")
A5: Aledo (Mercer County) | B5: =IFERROR(VLOOKUP(A5,'Public v Private'!A:G,3,FALSE),"") -> 0 | C5: =IFERROR(VLOOKUP(A5,'Public v Private'!A:G,4,FALSE),"") -> 0 | D5: =IFERROR(VLOOKUP(A5,'Public v Private'!A:G,5,FALSE),"") -> 0 | F5: =IFERROR(INDEX(Fall!$1:$1048576,MATCH(All!$A5,Fall!$A:$A,FALSE),MATCH(All!F$1,Fall!$1:$1,FALSE)),"N/A") -> 399 | G5: =IFERROR(IF(INDEX(Fall!$1:$1048576,MATCH(All!$A5,Fall!$A:$A,FALSE),MATCH(All!G$1,Fall!$1:$1,FALSE))="","",INDEX(Fall!$1:$1048576,MATCH(All!$A5,Fall!$A:$A,FALSE),MATCH(All!G$1,Fall!$1:$1,FALSE))),"") -> 1A | H5: =IFERROR(IF(INDEX(Fall!$1:$1048576,MATCH(All!$A5,Fall!$A:$A,FALSE),MATCH(All!H$1,Fall!$1:$1,FALSE))="","",INDEX(Fall!$1:$1048576,MATCH(All!$A5,Fall!$A:$A,FALSE),MATCH(All!H$1,Fall!$1:$1,FALSE))),"") -> 1A | I5: =IFERROR(IF(INDEX(Fall!$1:$1048576,MATCH(All!$A5,Fall!$A:$A,FALSE),MATCH(All!I$1,Fall!$1:$1,FALSE))="","",INDEX(Fall!$1:$1048576,MATCH(All!$A5,Fall!$A:$A,FALSE),MATCH(All!I$1,Fall!$1:$1,FALSE))),"") -> 1A | J5: =IFERROR(IF(INDEX(Fall!$1:$1048576,MATCH(All!$A5,Fall!$A:$A,FALSE),MATCH(All!J$1,Fall!$1:$1,FALSE))="","",INDEX(Fall!$1:$1048576,MATCH(All!$A5,Fall!$A:$A,FALSE),MATCH(All!J$1,Fall!$1:$1,FALSE))),"") -> 1A | K5: =IFERROR(IF(INDEX(Fall!$1:$1048576,MATCH(All!$A5,Fall!$A:$A,FALSE),MATCH(All!K$1,Fall!$1:$1,FALSE))="","",INDEX(Fall!$1:$1048576,MATCH(All!$A5,Fall!$A:$A,FALSE),MATCH(All!K$1,Fall!$1:$1,FALSE))),"") | L5: =IFERROR(IF(INDEX(Fall!$1:$1048576,MATCH(All!$A5,Fall!$A:$A,FALSE),MATCH(All!L$1,Fall!$1:$1,FALSE))="","",INDEX(Fall!$1:$1048576,MATCH(All!$A5,Fall!$A:$A,FALSE),MATCH(All!L$1,Fall!$1:$1,FALSE))),"") | M5: =IFERROR(IF(INDEX(Fall!$1:$1048576,MATCH(All!$A5,Fall!$A:$A,FALSE),MATCH(All!M$1,Fall!$1:$1,FALSE))="","",INDEX(Fall!$1:$1048576,MATCH(All!$A5,Fall!$A:$A,FALSE),MATCH(All!M$1,Fall!$1:$1,FALSE))),"") -> 2A | O5: =IFERROR(IF(INDEX(Winter!$1:$1048576,MATCH(All!$A5,Winter!$A:$A,FALSE),MATCH(All!O$1,Winter!$1:$1,FALSE))="","",INDEX(Winter!$1:$1048576,MATCH(All!$A5,Winter!$A:$A,FALSE),MATCH(All!O$1,Winter!$1:$1,FALSE))),"") -> 399 | P5: =IFERROR(IF(INDEX(Winter!$1:$1048576,MATCH(All!$A5,Winter!$A:$A,FALSE),MATCH(All!P$1,Winter!$1:$1,FALSE))="","",INDEX(Winter!$1:$1048576,MATCH(All!$A5,Winter!$A:$A,FALSE),MATCH(All!P$1,Winter!$1:$1,FALSE))),"") -> 2A | Q5: =IFERROR(IF(INDEX(Winter!$1:$1048576,MATCH(All!$A5,Winter!$A:$A,FALSE),MATCH(All!Q$1,Winter!$1:$1,FALSE))="","",INDEX(Winter!$1:$1048576,MATCH(All!$A5,Winter!$A:$A,FALSE),MATCH(All!Q$1,Winter!$1:$1,FALSE))),"") -> 2A | R5: =IFERROR(IF(INDEX(Winter!$1:$1048576,MATCH(All!$A5,Winter!$A:$A,FALSE),MATCH(All!R$1,Winter!$1:$1,FALSE))="","",INDEX(Winter!$1:$1048576,MATCH(All!$A5,Winter!$A:$A,FALSE),MATCH(All!R$1,Winter!$1:$1,FALSE))),"") | S5: =IFERROR(IF(INDEX(Winter!$1:$1048576,MATCH(All!$A5,Winter!$A:$A,FALSE),MATCH(All!S$1,Winter!$1:$1,FALSE))="","",INDEX(Winter!$1:$1048576,MATCH(All!$A5,Winter!$A:$A,FALSE),MATCH(All!S$1,Winter!$1:$1,FALSE))),"") | T5: =IFERROR(IF(INDEX(Winter!$1:$1048576,MATCH(All!$A5,Winter!$A:$A,FALSE),MATCH(All!T$1,Winter!$1:$1,FALSE))="","",INDEX(Winter!$1:$1048576,MATCH(All!$A5,Winter!$A:$A,FALSE),MATCH(All!T$1,Winter!$1:$1,FALSE))),"") -> 1A | U5: =IFERROR(IF(INDEX(Winter!$1:$1048576,MATCH(All!$A5,Winter!$A:$A,FALSE),MATCH(All!U$1,Winter!$1:$1,FALSE))="","",INDEX(Winter!$1:$1048576,MATCH(All!$A5,Winter!$A:$A,FALSE),MATCH(All!U$1,Winter!$1:$1,FALSE))),"") -> 1A | W5: =IFERROR(IF(INDEX(Spring!$1:$1048576,MATCH(All!$A5,Spring!$A:$A,FALSE),MATCH(All!W$1,Spring!$1:$1,FALSE))="","",INDEX(Spring!$1:$1048576,MATCH(All!$A5,Spring!$A:$A,FALSE),MATCH(All!W$1,Spring!$1:$1,FALSE))),"") -> 399 | X5: =IFERROR(IF(INDEX(Spring!$1:$1048576,MATCH(All!$A5,Spring!$A:$A,FALSE),MATCH(All!X$1,Spring!$1:$1,FALSE))="","",INDEX(Spring!$1:$1048576,MATCH(All!$A5,Spring!$A:$A,FALSE),MATCH(All!X$1,Spring!$1:$1,FALSE))),"") -> 2A | Y5: =IFERROR(IF(INDEX(Spring!$1:$1048576,MATCH(All!$A5,Spring!$A:$A,FALSE),MATCH(All!Y$1,Spring!$1:$1,FALSE))="","",INDEX(Spring!$1:$1048576,MATCH(All!$A5,Spring!$A:$A,FALSE),MATCH(All!Y$1,Spring!$1:$1,FALSE))),"") -> 2A | Z5: =IFERROR(IF(INDEX(Spring!$1:$1048576,MATCH(All!$A5,Spring!$A:$A,FALSE),MATCH(All!Z$1,Spring!$1:$1,FALSE))="","",INDEX(Spring!$1:$1048576,MATCH(All!$A5,Spring!$A:$A,FALSE),MATCH(All!Z$1,Spring!$1:$1,FALSE))),"") | AA5: =IFERROR(IF(INDEX(Spring!$1:$1048576,MATCH(All!$A5,Spring!$A:$A,FALSE),MATCH(All!AA$1,Spring!$1:$1,FALSE))="","",INDEX(Spring!$1:$1048576,MATCH(All!$A5,Spring!$A:$A,FALSE),MATCH(All!AA$1,Spring!$1:$1,FALSE))),"") | AB5: =IFERROR(IF(INDEX(Spring!$1:$1048576,MATCH(All!$A5,Spring!$A:$A,FALSE),MATCH(All!AB$1,Spring!$1:$1,FALSE))="","",INDEX(Spring!$1:$1048576,MATCH(All!$A5,Spring!$A:$A,FALSE),MATCH(All!AB$1,Spring!$1:$1,FALSE))),"") -> 1A | AC5: =IFERROR(IF(INDEX(Spring!$1:$1048576,MATCH(All!$A5,Spring!$A:$A,FALSE),MATCH(All!AC$1,Spring!$1:$1,FALSE))="","",INDEX(Spring!$1:$1048576,MATCH(All!$A5,Spring!$A:$A,FALSE),MATCH(All!AC$1,Spring!$1:$1,FALSE))),"") -> 1A | AD5: =IFERROR(VLOOKUP(A5,'Flag Football'!A:A,1,FALSE),"") | AE5: =IF(AD5="","","1A")
A6: Algonquin (Jacobs) | B6: =IFERROR(VLOOKUP(A6,'Public v Private'!A:G,3,FALSE),"") -> 0 | C6: =IFERROR(VLOOKUP(A6,'Public v Private'!A:G,4,FALSE),"") -> 0 | D6: =IFERROR(VLOOKUP(A6,'Public v Private'!A:G,5,FALSE),"") -> 0 | F6: =IFERROR(INDEX(Fall!$1:$1048576,MATCH(All!$A6,Fall!$A:$A,FALSE),MATCH(All!F$1,Fall!$1:$1,FALSE)),"N/A") -> 2048 | G6: =IFERROR(IF(INDEX(Fall!$1:$1048576,MATCH(All!$A6,Fall!$A:$A,FALSE),MATCH(All!G$1,Fall!$1:$1,FALSE))="","",INDEX(Fall!$1:$1048576,MATCH(All!$A6,Fall!$A:$A,FALSE),MATCH(All!G$1,Fall!$1:$1,FALSE))),"") -> 3A | H6: =IFERROR(IF(INDEX(Fall!$1:$1048576,MATCH(All!$A6,Fall!$A:$A,FALSE),MATCH(All!H$1,Fall!$1:$1,FALSE))="","",INDEX(Fall!$1:$1048576,MATCH(All!$A6,Fall!$A:$A,FALSE),MATCH(All!H$1,Fall!$1:$1,FALSE))),"") -> 3A | I6: =IFERROR(IF(INDEX(Fall!$1:$1048576,MATCH(All!$A6,Fall!$A:$A,FALSE),MATCH(All!I$1,Fall!$1:$1,FALSE))="","",INDEX(Fall!$1:$1048576,MATCH(All!$A6,Fall!$A:$A,FALSE),MATCH(All!I$1,Fall!$1:$1,FALSE))),"") -> 3A | J6: =IFERROR(IF(INDEX(Fall!$1:$1048576,MATCH(All!$A6,Fall!$A:$A,FALSE),MATCH(All!J$1,Fall!$1:$1,FALSE))="","",INDEX(Fall!$1:$1048576,MATCH(All!$A6,Fall!$A:$A,FALSE),MATCH(All!J$1,Fall!$1:$1,FALSE))),"") -> 2A | K6: =IFERROR(IF(INDEX(Fall!$1:$1048576,MATCH(All!$A6,Fall!$A:$A,FALSE),MATCH(All!K$1,Fall!$1:$1,FALSE))="","",INDEX(Fall!$1:$1048576,MATCH(All!$A6,Fall!$A:$A,FALSE),MATCH(All!K$1,Fall!$1:$1,FALSE))),"") -> 3A | L6: =IFERROR(IF(INDEX(Fall!$1:$1048576,MATCH(All!$A6,Fall!$A:$A,FALSE),MATCH(All!L$1,Fall!$1:$1,FALSE))="","",INDEX(Fall!$1:$1048576,MATCH(All!$A6,Fall!$A:$A,FALSE),MATCH(All!L$1,Fall!$1:$1,FALSE))),"") -> 2A | M6: =IFERROR(IF(INDEX(Fall!$1:$1048576,MATCH(All!$A6,Fall!$A:$A,FALSE),MATCH(All!M$1,Fall!$1:$1,FALSE))="","",INDEX(Fall!$1:$1048576,MATCH(All!$A6,Fall!$A:$A,FALSE),MATCH(All!M$1,Fall!$1:$1,FALSE))),"") -> 4A | O6: =IFERROR(IF(INDEX(Winter!$1:$1048576,MATCH(All!$A6,Winter!$A:$A,FALSE),MATCH(All!O$1,Winter!$1:$1,FALSE))="","",INDEX(Winter!$1:$1048576,MATCH(All!$A6,Winter!$A:$A,FALSE),MATCH(All!O$1,Winter!$1:$1,FALSE))),"") -> 2048 | P6: =IFERROR(IF(INDEX(Winter!$1:$1048576,MATCH(All!$A6,Winter!$A:$A,FALSE),MATCH(All!P$1,Winter!$1:$1,FALSE))="","",INDEX(Winter!$1:$1048576,MATCH(All!$A6,Winter!$A:$A,FALSE),MATCH(All!P$1,Winter!$1:$1,FALSE))),"") -> 4A | Q6: =IFERROR(IF(INDEX(Winter!$1:$1048576,MATCH(All!$A6,Winter!$A:$A,FALSE),MATCH(All!Q$1,Winter!$1:$1,FALSE))="","",INDEX(Winter!$1:$1048576,MATCH(All!$A6,Winter!$A:$A,FALSE),MATCH(All!Q$1,Winter!$1:$1,FALSE))),"") -> 4A | R6: =IFERROR(IF(INDEX(Winter!$1:$1048576,MATCH(All!$A6,Winter!$A:$A,FALSE),MATCH(All!R$1,Winter!$1:$1,FALSE))="","",INDEX(Winter!$1:$1048576,MATCH(All!$A6,Winter!$A:$A,FALSE),MATCH(All!R$1,Winter!$1:$1,FALSE))),"") -> 3A | S6: =IFERROR(IF(INDEX(Winter!$1:$1048576,MATCH(All!$A6,Winter!$A:$A,FALSE),MATCH(All!S$1,Winter!$1:$1,FALSE))="","",INDEX(Winter!$1:$1048576,MATCH(All!$A6,Winter!$A:$A,FALSE),MATCH(All!S$1,Winter!$1:$1,FALSE))),"") -> 3A | T6: =IFERROR(IF(INDEX(Winter!$1:$1048576,MATCH(All!$A6,Winter!$A:$A,FALSE),MATCH(All!T$1,Winter!$1:$1,FALSE))="","",INDEX(Winter!$1:$1048576,MATCH(All!$A6,Winter!$A:$A,FALSE),MATCH(All!T$1,Winter!$1:$1,FALSE))),"") -> 2A | U6: =IFERROR(IF(INDEX(Winter!$1:$1048576,MATCH(All!$A6,Winter!$A:$A,FALSE),MATCH(All!U$1,Winter!$1:$1,FALSE))="","",INDEX(Winter!$1:$1048576,MATCH(All!$A6,Winter!$A:$A,FALSE),MATCH(All!U$1,Winter!$1:$1,FALSE))),"") -> 3A | W6: =IFERROR(IF(INDEX(Spring!$1:$1048576,MATCH(All!$A6,Spring!$A:$A,FALSE),MATCH(All!W$1,Spring!$1:$1,FALSE))="","",INDEX(Spring!$1:$1048576,MATCH(All!$A6,Spring!$A:$A,FALSE),MATCH(All!W$1,Spring!$1:$1,FALSE))),"") -> 2048 | X6: =IFERROR(IF(INDEX(Spring!$1:$1048576,MATCH(All!$A6,Spring!$A:$A,FALSE),MATCH(All!X$1,Spring!$1:$1,FALSE))="","",INDEX(Spring!$1:$1048576,MATCH(All!$A6,Spring!$A:$A,FALSE),MATCH(All!X$1,Spring!$1:$1,FALSE))),"") -> 4A | Y6: =IFERROR(IF(INDEX(Spring!$1:$1048576,MATCH(All!$A6,Spring!$A:$A,FALSE),MATCH(All!Y$1,Spring!$1:$1,FALSE))="","",INDEX(Spring!$1:$1048576,MATCH(All!$A6,Spring!$A:$A,FALSE),MATCH(All!Y$1,Spring!$1:$1,FALSE))),"") -> 4A | Z6: =IFERROR(IF(INDEX(Spring!$1:$1048576,MATCH(All!$A6,Spring!$A:$A,FALSE),MATCH(All!Z$1,Spring!$1:$1,FALSE))="","",INDEX(Spring!$1:$1048576,MATCH(All!$A6,Spring!$A:$A,FALSE),MATCH(All!Z$1,Spring!$1:$1,FALSE))),"") -> 3A | AA6: =IFERROR(IF(INDEX(Spring!$1:$1048576,MATCH(All!$A6,Spring!$A:$A,FALSE),MATCH(All!AA$1,Spring!$1:$1,FALSE))="","",INDEX(Spring!$1:$1048576,MATCH(All!$A6,Spring!$A:$A,FALSE),MATCH(All!AA$1,Spring!$1:$1,FALSE))),"") -> 2A | AB6: =IFERROR(IF(INDEX(Spring!$1:$1048576,MATCH(All!$A6,Spring!$A:$A,FALSE),MATCH(All!AB$1,Spring!$1:$1,FALSE))="","",INDEX(Spring!$1:$1048576,MATCH(All!$A6,Spring!$A:$A,FALSE),MATCH(All!AB$1,Spring!$1:$1,FALSE))),"") -> 3A | AC6: =IFERROR(IF(INDEX(Spring!$1:$1048576,MATCH(All!$A6,Spring!$A:$A,FALSE),MATCH(All!AC$1,Spring!$1:$1,FALSE))="","",INDEX(Spring!$1:$1048576,MATCH(All!$A6,Spring!$A:$A,FALSE),MATCH(All!AC$1,Spring!$1:$1,FALSE))),"") -> 3A | AD6: =IFERROR(VLOOKUP(A6,'Flag Football'!A:A,1,FALSE),"") -> Algonquin (Jacobs) | AE6: =IF(AD6="","","1A") -> 1A
A7: Altamont | B7: =IFERROR(VLOOKUP(A7,'Public v Private'!A:G,3,FALSE),"") -> 0 | C7: =IFERROR(VLOOKUP(A7,'Public v Private'!A:G,4,FALSE),"") -> 0 | D7: =IFERROR(VLOOKUP(A7,'Public v Private'!A:G,5,FALSE),"") -> 0 | F7: =IFERROR(INDEX(Fall!$1:$1048576,MATCH(All!$A7,Fall!$A:$A,FALSE),MATCH(All!F$1,Fall!$1:$1,FALSE)),"N/A") -> 228 | G7: =IFERROR(IF(INDEX(Fall!$1:$1048576,MATCH(All!$A7,Fall!$A:$A,FALSE),MATCH(All!G$1,Fall!$1:$1,FALSE))="","",INDEX(Fall!$1:$1048576,MATCH(All!$A7,Fall!$A:$A,FALSE),MATCH(All!G$1,Fall!$1:$1,FALSE))),"") -> 1A | H7: =IFERROR(IF(INDEX(Fall!$1:$1048576,MATCH(All!$A7,Fall!$A:$A,FALSE),MATCH(All!H$1,Fall!$1:$1,FALSE))="","",INDEX(Fall!$1:$1048576,MATCH(All!$A7,Fall!$A:$A,FALSE),MATCH(All!H$1,Fall!$1:$1,FALSE))),"") -> 1A | I7: =IFERROR(IF(INDEX(Fall!$1:$1048576,MATCH(All!$A7,Fall!$A:$A,FALSE),MATCH(All!I$1,Fall!$1:$1,FALSE))="","",INDEX(Fall!$1:$1048576,MATCH(All!$A7,Fall!$A:$A,FALSE),MATCH(All!I$1,Fall!$1:$1,FALSE))),"") -> 1A | J7: =IFERROR(IF(INDEX(Fall!$1:$1048576,MATCH(All!$A7,Fall!$A:$A,FALSE),MATCH(All!J$1,Fall!$1:$1,FALSE))="","",INDEX(Fall!$1:$1048576,MATCH(All!$A7,Fall!$A:$A,FALSE),MATCH(All!J$1,Fall!$1:$1,FALSE))),"") -> 1A | K7: =IFERROR(IF(INDEX(Fall!$1:$1048576,MATCH(All!$A7,Fall!$A:$A,FALSE),MATCH(All!K$1,Fall!$1:$1,FALSE))="","",INDEX(Fall!$1:$1048576,MATCH(All!$A7,Fall!$A:$A,FALSE),MATCH(All!K$1,Fall!$1:$1,FALSE))),"") -> 1A | L7: =IFERROR(IF(INDEX(Fall!$1:$1048576,MATCH(All!$A7,Fall!$A:$A,FALSE),MATCH(All!L$1,Fall!$1:$1,FALSE))="","",INDEX(Fall!$1:$1048576,MATCH(All!$A7,Fall!$A:$A,FALSE),MATCH(All!L$1,Fall!$1:$1,FALSE))),"") | M7: =IFERROR(IF(INDEX(Fall!$1:$1048576,MATCH(All!$A7,Fall!$A:$A,FALSE),MATCH(All!M$1,Fall!$1:$1,FALSE))="","",INDEX(Fall!$1:$1048576,MATCH(All!$A7,Fall!$A:$A,FALSE),MATCH(All!M$1,Fall!$1:$1,FALSE))),"") -> 1A | O7: =IFERROR(IF(INDEX(Winter!$1:$1048576,MATCH(All!$A7,Winter!$A:$A,FALSE),MATCH(All!O$1,Winter!$1:$1,FALSE))="","",INDEX(Winter!$1:$1048576,MATCH(All!$A7,Winter!$A:$A,FALSE),MATCH(All!O$1,Winter!$1:$1,FALSE))),"") -> 228 | P7: =IFERROR(IF(INDEX(Winter!$1:$1048576,MATCH(All!$A7,Winter!$A:$A,FALSE),MATCH(All!P$1,Winter!$1:$1,FALSE))="","",INDEX(Winter!$1:$1048576,MATCH(All!$A7,Winter!$A:$A,FALSE),MATCH(All!P$1,Winter!$1:$1,FALSE))),"") -> 1A | Q7: =IFERROR(IF(INDEX(Winter!$1:$1048576,MATCH(All!$A7,Winter!$A:$A,FALSE),MATCH(All!Q$1,Winter!$1:$1,FALSE))="","",INDEX(Winter!$1:$1048576,MATCH(All!$A7,Winter!$A:$A,FALSE),MATCH(All!Q$1,Winter!$1:$1,FALSE))),"") -> 1A | R7: =IFERROR(IF(INDEX(Winter!$1:$1048576,MATCH(All!$A7,Winter!$A:$A,FALSE),MATCH(All!R$1,Winter!$1:$1,FALSE))="","",INDEX(Winter!$1:$1048576,MATCH(All!$A7,Winter!$A:$A,FALSE),MATCH(All!R$1,Winter!$1:$1,FALSE))),"") | S7: =IFERROR(IF(INDEX(Winter!$1:$1048576,MATCH(All!$A7,Winter!$A:$A,FALSE),MATCH(All!S$1,Winter!$1:$1,FALSE))="","",INDEX(Winter!$1:$1048576,MATCH(All!$A7,Winter!$A:$A,FALSE),MATCH(All!S$1,Winter!$1:$1,FALSE))),"") | T7: =IFERROR(IF(INDEX(Winter!$1:$1048576,MATCH(All!$A7,Winter!$A:$A,FALSE),MATCH(All!T$1,Winter!$1:$1,FALSE))="","",INDEX(Winter!$1:$1048576,MATCH(All!$A7,Winter!$A:$A,FALSE),MATCH(All!T$1,Winter!$1:$1,FALSE))),"") -> 1A | U7: =IFERROR(IF(INDEX(Winter!$1:$1048576,MATCH(All!$A7,Winter!$A:$A,FALSE),MATCH(All!U$1,Winter!$1:$1,FALSE))="","",INDEX(Winter!$1:$1048576,MATCH(All!$A7,Winter!$A:$A,FALSE),MATCH(All!U$1,Winter!$1:$1,FALSE))),"") | W7: =IFERROR(IF(INDEX(Spring!$1:$1048576,MATCH(All!$A7,Spring!$A:$A,FALSE),MATCH(All!W$1,Spring!$1:$1,FALSE))="","",INDEX(Spring!$1:$1048576,MATCH(All!$A7,Spring!$A:$A,FALSE),MATCH(All!W$1,Spring!$1:$1,FALSE))),"") -> 228 | X7: =IFERROR(IF(INDEX(Spring!$1:$1048576,MATCH(All!$A7,Spring!$A:$A,FALSE),MATCH(All!X$1,Spring!$1:$1,FALSE))="","",INDEX(Spring!$1:$1048576,MATCH(All!$A7,Spring!$A:$A,FALSE),MATCH(All!X$1,Spring!$1:$1,FALSE))),"") -> 1A | Y7: =IFERROR(IF(INDEX(Spring!$1:$1048576,MATCH(All!$A7,Spring!$A:$A,FALSE),MATCH(All!Y$1,Spring!$1:$1,FALSE))="","",INDEX(Spring!$1:$1048576,MATCH(All!$A7,Spring!$A:$A,FALSE),MATCH(All!Y$1,Spring!$1:$1,FALSE))),"") -> 1A | Z7: =IFERROR(IF(INDEX(Spring!$1:$1048576,MATCH(All!$A7,Spring!$A:$A,FALSE),MATCH(All!Z$1,Spring!$1:$1,FALSE))="","",INDEX(Spring!$1:$1048576,MATCH(All!$A7,Spring!$A:$A,FALSE),MATCH(All!Z$1,Spring!$1:$1,FALSE))),"") | AA7: =IFERROR(IF(INDEX(Spring!$1:$1048576,MATCH(All!$A7,Spring!$A:$A,FALSE),MATCH(All!AA$1,Spring!$1:$1,FALSE))="","",INDEX(Spring!$1:$1048576,MATCH(All!$A7,Spring!$A:$A,FALSE),MATCH(All!AA$1,Spring!$1:$1,FALSE))),"") | AB7: =IFERROR(IF(INDEX(Spring!$1:$1048576,MATCH(All!$A7,Spring!$A:$A,FALSE),MATCH(All!AB$1,Spring!$1:$1,FALSE))="","",INDEX(Spring!$1:$1048576,MATCH(All!$A7,Spring!$A:$A,FALSE),MATCH(All!AB$1,Spring!$1:$1,FALSE))),"") -> 1A | AC7: =IFERROR(IF(INDEX(Spring!$1:$1048576,MATCH(All!$A7,Spring!$A:$A,FALSE),MATCH(All!AC$1,Spring!$1:$1,FALSE))="","",INDEX(Spring!$1:$1048576,MATCH(All!$A7,Spring!$A:$A,FALSE),MATCH(All!AC$1,Spring!$1:$1,FALSE))),"") -> 1A | AD7: =IFERROR(VLOOKUP(A7,'Flag Football'!A:A,1,FALSE),"") | AE7: =IF(AD7="","","1A")
A8: Alton (Marquette) | B8: =IFERROR(VLOOKUP(A8,'Public v Private'!A:G,3,FALSE),"") -> private | C8: =IFERROR(VLOOKUP(A8,'Public v Private'!A:G,4,FALSE),"") -> 7 | D8: =IFERROR(VLOOKUP(A8,'Public v Private'!A:G,5,FALSE),"") -> 19 | F8: =IFERROR(INDEX(Fall!$1:$1048576,MATCH(All!$A8,Fall!$A:$A,FALSE),MATCH(All!F$1,Fall!$1:$1,FALSE)),"N/A") -> 372.00 (613.80) | G8: =IFERROR(IF(INDEX(Fall!$1:$1048576,MATCH(All!$A8,Fall!$A:$A,FALSE),MATCH(All!G$1,Fall!$1:$1,FALSE))="","",INDEX(Fall!$1:$1048576,MATCH(All!$A8,Fall!$A:$A,FALSE),MATCH(All!G$1,Fall!$1:$1,FALSE))),"") -> 2A | H8: =IFERROR(IF(INDEX(Fall!$1:$1048576,MATCH(All!$A8,Fall!$A:$A,FALSE),MATCH(All!H$1,Fall!$1:$1,FALSE))="","",INDEX(Fall!$1:$1048576,MATCH(All!$A8,Fall!$A:$A,FALSE),MATCH(All!H$1,Fall!$1:$1,FALSE))),"") -> 2A | I8: =IFERROR(IF(INDEX(Fall!$1:$1048576,MATCH(All!$A8,Fall!$A:$A,FALSE),MATCH(All!I$1,Fall!$1:$1,FALSE))="","",INDEX(Fall!$1:$1048576,MATCH(All!$A8,Fall!$A:$A,FALSE),MATCH(All!I$1,Fall!$1:$1,FALSE))),"") -> 2A | J8: =IFERROR(IF(INDEX(Fall!$1:$1048576,MATCH(All!$A8,Fall!$A:$A,FALSE),MATCH(All!J$1,Fall!$1:$1,FALSE))="","",INDEX(Fall!$1:$1048576,MATCH(All!$A8,Fall!$A:$A,FALSE),MATCH(All!J$1,Fall!$1:$1,FALSE))),"") -> 1A | K8: =IFERROR(IF(INDEX(Fall!$1:$1048576,MATCH(All!$A8,Fall!$A:$A,FALSE),MATCH(All!K$1,Fall!$1:$1,FALSE))="","",INDEX(Fall!$1:$1048576,MATCH(All!$A8,Fall!$A:$A,FALSE),MATCH(All!K$1,Fall!$1:$1,FALSE))),"") -> 1A | L8: =IFERROR(IF(INDEX(Fall!$1:$1048576,MATCH(All!$A8,Fall!$A:$A,FALSE),MATCH(All!L$1,Fall!$1:$1,FALSE))="","",INDEX(Fall!$1:$1048576,MATCH(All!$A8,Fall!$A:$A,FALSE),MATCH(All!L$1,Fall!$1:$1,FALSE))),"") -> 1A | M8: =IFERROR(IF(INDEX(Fall!$1:$1048576,MATCH(All!$A8,Fall!$A:$A,FALSE),MATCH(All!M$1,Fall!$1:$1,FALSE))="","",INDEX(Fall!$1:$1048576,MATCH(All!$A8,Fall!$A:$A,FALSE),MATCH(All!M$1,Fall!$1:$1,FALSE))),"") -> 2A | O8: =IFERROR(IF(INDEX(Winter!$1:$1048576,MATCH(All!$A8,Winter!$A:$A,FALSE),MATCH(All!O$1,Winter!$1:$1,FALSE))="","",INDEX(Winter!$1:$1048576,MATCH(All!$A8,Winter!$A:$A,FALSE),MATCH(All!O$1,Winter!$1:$1,FALSE))),"") -> 372.00 (613.80) | P8: =IFERROR(IF(INDEX(Winter!$1:$1048576,MATCH(All!$A8,Winter!$A:$A,FALSE),MATCH(All!P$1,Winter!$1:$1,FALSE))="","",INDEX(Winter!$1:$1048576,MATCH(All!$A8,Winter!$A:$A,FALSE),MATCH(All!P$1,Winter!$1:$1,FALSE))),"") -> 2A | Q8: =IFERROR(IF(INDEX(Winter!$1:$1048576,MATCH(All!$A8,Winter!$A:$A,FALSE),MATCH(All!Q$1,Winter!$1:$1,FALSE))="","",INDEX(Winter!$1:$1048576,MATCH(All!$A8,Winter!$A:$A,FALSE),MATCH(All!Q$1,Winter!$1:$1,FALSE))),"") -> 2A | R8: =IFERROR(IF(INDEX(Winter!$1:$1048576,MATCH(All!$A8,Winter!$A:$A,FALSE),MATCH(All!R$1,Winter!$1:$1,FALSE))="","",INDEX(Winter!$1:$1048576,MATCH(All!$A8,Winter!$A:$A,FALSE),MATCH(All!R$1,Winter!$1:$1,FALSE))),"") | S8: =IFERROR(IF(INDEX(Winter!$1:$1048576,MATCH(All!$A8,Winter!$A:$A,FALSE),MATCH(All!S$1,Winter!$1:$1,FALSE))="","",INDEX(Winter!$1:$1048576,MATCH(All!$A8,Winter!$A:$A,FALSE),MATCH(All!S$1,Winter!$1:$1,FALSE))),"") -> 1A | T8: =IFERROR(IF(INDEX(Winter!$1:$1048576,MATCH(All!$A8,Winter!$A:$A,FALSE),MATCH(All!T$1,Winter!$1:$1,FALSE))="","",INDEX(Winter!$1:$1048576,MATCH(All!$A8,Winter!$A:$A,FALSE),MATCH(All!T$1,Winter!$1:$1,FALSE))),"") -> 2A | U8: =IFERROR(IF(INDEX(Winter!$1:$1048576,MATCH(All!$A8,Winter!$A:$A,FALSE),MATCH(All!U$1,Winter!$1:$1,FALSE))="","",INDEX(Winter!$1:$1048576,MATCH(All!$A8,Winter!$A:$A,FALSE),MATCH(All!U$1,Winter!$1:$1,FALSE))),"") | W8: =IFERROR(IF(INDEX(Spring!$1:$1048576,MATCH(All!$A8,Spring!$A:$A,FALSE),MATCH(All!W$1,Spring!$1:$1,FALSE))="","",INDEX(Spring!$1:$1048576,MATCH(All!$A8,Spring!$A:$A,FALSE),MATCH(All!W$1,Spring!$1:$1,FALSE))),"") -> 372.00 (613.80) | X8: =IFERROR(IF(INDEX(Spring!$1:$1048576,MATCH(All!$A8,Spring!$A:$A,FALSE),MATCH(All!X$1,Spring!$1:$1,FALSE))="","",INDEX(Spring!$1:$1048576,MATCH(All!$A8,Spring!$A:$A,FALSE),MATCH(All!X$1,Spring!$1:$1,FALSE))),"") -> 2A | Y8: =IFERROR(IF(INDEX(Spring!$1:$1048576,MATCH(All!$A8,Spring!$A:$A,FALSE),MATCH(All!Y$1,Spring!$1:$1,FALSE))="","",INDEX(Spring!$1:$1048576,MATCH(All!$A8,Spring!$A:$A,FALSE),MATCH(All!Y$1,Spring!$1:$1,FALSE))),"") -> 2A | Z8: =IFERROR(IF(INDEX(Spring!$1:$1048576,MATCH(All!$A8,Spring!$A:$A,FALSE),MATCH(All!Z$1,Spring!$1:$1,FALSE))="","",INDEX(Spring!$1:$1048576,MATCH(All!$A8,Spring!$A:$A,FALSE),MATCH(All!Z$1,Spring!$1:$1,FALSE))),"") -> 1A | AA8: =IFERROR(IF(INDEX(Spring!$1:$1048576,MATCH(All!$A8,Spring!$A:$A,FALSE),MATCH(All!AA$1,Spring!$1:$1,FALSE))="","",INDEX(Spring!$1:$1048576,MATCH(All!$A8,Spring!$A:$A,FALSE),MATCH(All!AA$1,Spring!$1:$1,FALSE))),"") -> 1A | AB8: =IFERROR(IF(INDEX(Spring!$1:$1048576,MATCH(All!$A8,Spring!$A:$A,FALSE),MATCH(All!AB$1,Spring!$1:$1,FALSE))="","",INDEX(Spring!$1:$1048576,MATCH(All!$A8,Spring!$A:$A,FALSE),MATCH(All!AB$1,Spring!$1:$1,FALSE))),"") -> 2A | AC8: =IFERROR(IF(INDEX(Spring!$1:$1048576,MATCH(All!$A8,Spring!$A:$A,FALSE),MATCH(All!AC$1,Spring!$1:$1,FALSE))="","",INDEX(Spring!$1:$1048576,MATCH(All!$A8,Spring!$A:$A,FALSE),MATCH(All!AC$1,Spring!$1:$1,FALSE))),"") -> 2A | AD8: =IFERROR(VLOOKUP(A8,'Flag Football'!A:A,1,FALSE),"") | AE8: =IF(AD8="","","1A")
A9: Alton (Sr.) | B9: =IFERROR(VLOOKUP(A9,'Public v Private'!A:G,3,FALSE),"") -> 0 | C9: =IFERROR(VLOOKUP(A9,'Public v Private'!A:G,4,FALSE),"") -> 0 | D9: =IFERROR(VLOOKUP(A9,'Public v Private'!A:G,5,FALSE),"") -> 0 | F9: =IFERROR(INDEX(Fall!$1:$1048576,MATCH(All!$A9,Fall!$A:$A,FALSE),MATCH(All!F$1,Fall!$1:$1,FALSE)),"N/A") -> 1759 | G9: =IFERROR(IF(INDEX(Fall!$1:$1048576,MATCH(All!$A9,Fall!$A:$A,FALSE),MATCH(All!G$1,Fall!$1:$1,FALSE))="","",INDEX(Fall!$1:$1048576,MATCH(All!$A9,Fall!$A:$A,FALSE),MATCH(All!G$1,Fall!$1:$1,FALSE))),"") -> 3A | H9: =IFERROR(IF(INDEX(Fall!$1:$1048576,MATCH(All!$A9,Fall!$A:$A,FALSE),MATCH(All!H$1,Fall!$1:$1,FALSE))="","",INDEX(Fall!$1:$1048576,MATCH(All!$A9,Fall!$A:$A,FALSE),MATCH(All!H$1,Fall!$1:$1,FALSE))),"") -> 3A | I9: =IFERROR(IF(INDEX(Fall!$1:$1048576,MATCH(All!$A9,Fall!$A:$A,FALSE),MATCH(All!I$1,Fall!$1:$1,FALSE))="","",INDEX(Fall!$1:$1048576,MATCH(All!$A9,Fall!$A:$A,FALSE),MATCH(All!I$1,Fall!$1:$1,FALSE))),"") -> 3A | J9: =IFERROR(IF(INDEX(Fall!$1:$1048576,MATCH(All!$A9,Fall!$A:$A,FALSE),MATCH(All!J$1,Fall!$1:$1,FALSE))="","",INDEX(Fall!$1:$1048576,MATCH(All!$A9,Fall!$A:$A,FALSE),MATCH(All!J$1,Fall!$1:$1,FALSE))),"") | K9: =IFERROR(IF(INDEX(Fall!$1:$1048576,MATCH(All!$A9,Fall!$A:$A,FALSE),MATCH(All!K$1,Fall!$1:$1,FALSE))="","",INDEX(Fall!$1:$1048576,MATCH(All!$A9,Fall!$A:$A,FALSE),MATCH(All!K$1,Fall!$1:$1,FALSE))),"") -> 3A | L9: =IFERROR(IF(INDEX(Fall!$1:$1048576,MATCH(All!$A9,Fall!$A:$A,FALSE),MATCH(All!L$1,Fall!$1:$1,FALSE))="","",INDEX(Fall!$1:$1048576,MATCH(All!$A9,Fall!$A:$A,FALSE),MATCH(All!L$1,Fall!$1:$1,FALSE))),"") -> 2A | M9: =IFERROR(IF(INDEX(Fall!$1:$1048576,MATCH(All!$A9,Fall!$A:$A,FALSE),MATCH(All!M$1,Fall!$1:$1,FALSE))="","",INDEX(Fall!$1:$1048576,MATCH(All!$A9,Fall!$A:$A,FALSE),MATCH(All!M$1,Fall!$1:$1,FALSE))),"") -> 4A | O9: =IFERROR(IF(INDEX(Winter!$1:$1048576,MATCH(All!$A9,Winter!$A:$A,FALSE),MATCH(All!O$1,Winter!$1:$1,FALSE))="","",INDEX(Winter!$1:$1048576,MATCH(All!$A9,Winter!$A:$A,FALSE),MATCH(All!O$1,Winter!$1:$1,FALSE))),"") -> 1759 | P9: =IFERROR(IF(INDEX(Winter!$1:$1048576,MATCH(All!$A9,Winter!$A:$A,FALSE),MATCH(All!P$1,Winter!$1:$1,FALSE))="","",INDEX(Winter!$1:$1048576,MATCH(All!$A9,Winter!$A:$A,FALSE),MATCH(All!P$1,Winter!$1:$1,FALSE))),"") -> 4A | Q9: =IFERROR(IF(INDEX(Winter!$1:$1048576,MATCH(All!$A9,Winter!$A:$A,FALSE),MATCH(All!Q$1,Winter!$1:$1,FALSE))="","",INDEX(Winter!$1:$1048576,MATCH(All!$A9,Winter!$A:$A,FALSE),MATCH(All!Q$1,Winter!$1:$1,FALSE))),"") -> 4A | R9: =IFERROR(IF(INDEX(Winter!$1:$1048576,MATCH(All!$A9,Winter!$A:$A,FALSE),MATCH(All!R$1,Winter!$1:$1,FALSE))="","",INDEX(Winter!$1:$1048576,MATCH(All!$A9,Winter!$A:$A,FALSE),MATCH(All!R$1,Winter!$1:$1,FALSE))),"") -> C | S9: =IFERROR(IF(INDEX(Winter!$1:$1048576,MATCH(All!$A9,Winter!$A:$A,FALSE),MATCH(All!S$1,Winter!$1:$1,FALSE))="","",INDEX(Winter!$1:$1048576,MATCH(All!$A9,Winter!$A:$A,FALSE),MATCH(All!S$1,Winter!$1:$1,FALSE))),"") -> 2A | T9: =IFERROR(IF(INDEX(Winter!$1:$1048576,MATCH(All!$A9,Winter!$A:$A,FALSE),MATCH(All!T$1,Winter!$1:$1,FALSE))="","",INDEX(Winter!$1:$1048576,MATCH(All!$A9,Winter!$A:$A,FALSE),MATCH(All!T$1,Winter!$1:$1,FALSE))),"") -> 2A | U9: =IFERROR(IF(INDEX(Winter!$1:$1048576,MATCH(All!$A9,Winter!$A:$A,FALSE),MATCH(All!U$1,Winter!$1:$1,FALSE))="","",INDEX(Winter!$1:$1048576,MATCH(All!$A9,Winter!$A:$A,FALSE),MATCH(All!U$1,Winter!$1:$1,FALSE))),"") -> 3A | W9: =IFERROR(IF(INDEX(Spring!$1:$1048576,MATCH(All!$A9,Spring!$A:$A,FALSE),MATCH(All!W$1,Spring!$1:$1,FALSE))="","",INDEX(Spring!$1:$1048576,MATCH(All!$A9,Spring!$A:$A,FALSE),MATCH(All!W$1,Spring!$1:$1,FALSE))),"") -> 1759 | X9: =IFERROR(IF(INDEX(Spring!$1:$1048576,MATCH(All!$A9,Spring!$A:$A,FALSE),MATCH(All!X$1,Spring!$1:$1,FALSE))="","",INDEX(Spring!$1:$1048576,MATCH(All!$A9,Spring!$A:$A,FALSE),MATCH(All!X$1,Spring!$1:$1,FALSE))),"") -> 4A | Y9: =IFERROR(IF(INDEX(Spring!$1:$1048576,MATCH(All!$A9,Spring!$A:$A,FALSE),MATCH(All!Y$1,Spring!$1:$1,FALSE))="","",INDEX(Spring!$1:$1048576,MATCH(All!$A9,Spring!$A:$A,FALSE),MATCH(All!Y$1,Spring!$1:$1,FALSE))),"") -> 4A | Z9: =IFERROR(IF(INDEX(Spring!$1:$1048576,MATCH(All!$A9,Spring!$A:$A,FALSE),MATCH(All!Z$1,Spring!$1:$1,FALSE))="","",INDEX(Spring!$1:$1048576,MATCH(All!$A9,Spring!$A:$A,FALSE),MATCH(All!Z$1,Spring!$1:$1,FALSE))),"") -> 2A | AA9: =IFERROR(IF(INDEX(Spring!$1:$1048576,MATCH(All!$A9,Spring!$A:$A,FALSE),MATCH(All!AA$1,Spring!$1:$1,FALSE))="","",INDEX(Spring!$1:$1048576,MATCH(All!$A9,Spring!$A:$A,FALSE),MATCH(All!AA$1,Spring!$1:$1,FALSE))),"") -> 2A | AB9: =IFERROR(IF(INDEX(Spring!$1:$1048576,MATCH(All!$A9,Spring!$A:$A,FALSE),MATCH(All!AB$1,Spring!$1:$1,FALSE))="","",INDEX(Spring!$1:$1048576,MATCH(All!$A9,Spring!$A:$A,FALSE),MATCH(All!AB$1,Spring!$1:$1,FALSE))),"") -> 3A | AC9: =IFERROR(IF(INDEX(Spring!$1:$1048576,MATCH(All!$A9,Spring!$A:$A,FALSE),MATCH(All!AC$1,Spring!$1:$1,FALSE))="","",INDEX(Spring!$1:$1048576,MATCH(All!$A9,Spring!$A:$A,FALSE),MATCH(All!AC$1,Spring!$1:$1,FALSE))),"") -> 3A | AD9: =IFERROR(VLOOKUP(A9,'Flag Football'!A:A,1,FALSE),"") | AE9: =IF(AD9="","","1A")
A10: Amboy | B10: =IFERROR(VLOOKUP(A10,'Public v Private'!A:G,3,FALSE),"") -> 0 | C10: =IFERROR(VLOOKUP(A10,'Public v Private'!A:G,4,FALSE),"") -> 0 | D10: =IFERROR(VLOOKUP(A10,'Public v Private'!A:G,5,FALSE),"") -> 0 | F10: =IFERROR(INDEX(Fall!$1:$1048576,MATCH(All!$A10,Fall!$A:$A,FALSE),MATCH(All!F$1,Fall!$1:$1,FALSE)),"N/A") -> 222 | G10: =IFERROR(IF(INDEX(Fall!$1:$1048576,MATCH(All!$A10,Fall!$A:$A,FALSE),MATCH(All!G$1,Fall!$1:$1,FALSE))="","",INDEX(Fall!$1:$1048576,MATCH(All!$A10,Fall!$A:$A,FALSE),MATCH(All!G$1,Fall!$1:$1,FALSE))),"") -> 1A | H10: =IFERROR(IF(INDEX(Fall!$1:$1048576,MATCH(All!$A10,Fall!$A:$A,FALSE),MATCH(All!H$1,Fall!$1:$1,FALSE))="","",INDEX(Fall!$1:$1048576,MATCH(All!$A10,Fall!$A:$A,FALSE),MATCH(All!H$1,Fall!$1:$1,FALSE))),"") -> 1A | I10: =IFERROR(IF(INDEX(Fall!$1:$1048576,MATCH(All!$A10,Fall!$A:$A,FALSE),MATCH(All!I$1,Fall!$1:$1,FALSE))="","",INDEX(Fall!$1:$1048576,MATCH(All!$A10,Fall!$A:$A,FALSE),MATCH(All!I$1,Fall!$1:$1,FALSE))),"") -> 1A | J10: =IFERROR(IF(INDEX(Fall!$1:$1048576,MATCH(All!$A10,Fall!$A:$A,FALSE),MATCH(All!J$1,Fall!$1:$1,FALSE))="","",INDEX(Fall!$1:$1048576,MATCH(All!$A10,Fall!$A:$A,FALSE),MATCH(All!J$1,Fall!$1:$1,FALSE))),"") | K10: =IFERROR(IF(INDEX(Fall!$1:$1048576,MATCH(All!$A10,Fall!$A:$A,FALSE),MATCH(All!K$1,Fall!$1:$1,FALSE))="","",INDEX(Fall!$1:$1048576,MATCH(All!$A10,Fall!$A:$A,FALSE),MATCH(All!K$1,Fall!$1:$1,FALSE))),"") | L10: =IFERROR(IF(INDEX(Fall!$1:$1048576,MATCH(All!$A10,Fall!$A:$A,FALSE),MATCH(All!L$1,Fall!$1:$1,FALSE))="","",INDEX(Fall!$1:$1048576,MATCH(All!$A10,Fall!$A:$A,FALSE),MATCH(All!L$1,Fall!$1:$1,FALSE))),"") | M10: =IFERROR(IF(INDEX(Fall!$1:$1048576,MATCH(All!$A10,Fall!$A:$A,FALSE),MATCH(All!M$1,Fall!$1:$1,FALSE))="","",INDEX(Fall!$1:$1048576,MATCH(All!$A10,Fall!$A:$A,FALSE),MATCH(All!M$1,Fall!$1:$1,FALSE))),"") -> 1A | O10: =IFERROR(IF(INDEX(Winter!$1:$1048576,MATCH(All!$A10,Winter!$A:$A,FALSE),MATCH(All!O$1,Winter!$1:$1,FALSE))="","",INDEX(Winter!$1:$1048576,MATCH(All!$A10,Winter!$A:$A,FALSE),MATCH(All!O$1,Winter!$1:$1,FALSE))),"") -> 222 | P10: =IFERROR(IF(INDEX(Winter!$1:$1048576,MATCH(All!$A10,Winter!$A:$A,FALSE),MATCH(All!P$1,Winter!$1:$1,FALSE))="","",INDEX(Winter!$1:$1048576,MATCH(All!$A10,Winter!$A:$A,FALSE),MATCH(All!P$1,Winter!$1:$1,FALSE))),"") -> 1A | Q10: =IFERROR(IF(INDEX(Winter!$1:$1048576,MATCH(All!$A10,Winter!$A:$A,FALSE),MATCH(All!Q$1,Winter!$1:$1,FALSE))="","",INDEX(Winter!$1:$1048576,MATCH(All!$A10,Winter!$A:$A,FALSE),MATCH(All!Q$1,Winter!$1:$1,FALSE))),"") -> 1A | R10: =IFERROR(IF(INDEX(Winter!$1:$1048576,MATCH(All!$A10,Winter!$A:$A,FALSE),MATCH(All!R$1,Winter!$1:$1,FALSE))="","",INDEX(Winter!$1:$1048576,MATCH(All!$A10,Winter!$A:$A,FALSE),MATCH(All!R$1,Winter!$1:$1,FALSE))),"") | S10: =IFERROR(IF(INDEX(Winter!$1:$1048576,MATCH(All!$A10,Winter!$A:$A,FALSE),MATCH(All!S$1,Winter!$1:$1,FALSE))="","",INDEX(Winter!$1:$1048576,MATCH(All!$A10,Winter!$A:$A,FALSE),MATCH(All!S$1,Winter!$1:$1,FALSE))),"") | T10: =IFERROR(IF(INDEX(Winter!$1:$1048576,MATCH(All!$A10,Winter!$A:$A,FALSE),MATCH(All!T$1,Winter!$1:$1,FALSE))="","",INDEX(Winter!$1:$1048576,MATCH(All!$A10,Winter!$A:$A,FALSE),MATCH(All!T$1,Winter!$1:$1,FALSE))),"") -> 1A | U10: =IFERROR(IF(INDEX(Winter!$1:$1048576,MATCH(All!$A10,Winter!$A:$A,FALSE),MATCH(All!U$1,Winter!$1:$1,FALSE))="","",INDEX(Winter!$1:$1048576,MATCH(All!$A10,Winter!$A:$A,FALSE),MATCH(All!U$1,Winter!$1:$1,FALSE))),"") -> 1A | W10: =IFERROR(IF(INDEX(Spring!$1:$1048576,MATCH(All!$A10,Spring!$A:$A,FALSE),MATCH(All!W$1,Spring!$1:$1,FALSE))="","",INDEX(Spring!$1:$1048576,MATCH(All!$A10,Spring!$A:$A,FALSE),MATCH(All!W$1,Spring!$1:$1,FALSE))),"") -> 222 | X10: =IFERROR(IF(INDEX(Spring!$1:$1048576,MATCH(All!$A10,Spring!$A:$A,FALSE),MATCH(All!X$1,Spring!$1:$1,FALSE))="","",INDEX(Spring!$1:$1048576,MATCH(All!$A10,Spring!$A:$A,FALSE),MATCH(All!X$1,Spring!$1:$1,FALSE))),"") -> 1A | Y10: =IFERROR(IF(INDEX(Spring!$1:$1048576,MATCH(All!$A10,Spring!$A:$A,FALSE),MATCH(All!Y$1,Spring!$1:$1,FALSE))="","",INDEX(Spring!$1:$1048576,MATCH(All!$A10,Spring!$A:$A,FALSE),MATCH(All!Y$1,Spring!$1:$1,FALSE))),"") -> 1A | Z10: =IFERROR(IF(INDEX(Spring!$1:$1048576,MATCH(All!$A10,Spring!$A:$A,FALSE),MATCH(All!Z$1,Spring!$1:$1,FALSE))="","",INDEX(Spring!$1:$1048576,MATCH(All!$A10,Spring!$A:$A,FALSE),MATCH(All!Z$1,Spring!$1:$1,FALSE))),"") | AA10: =IFERROR(IF(INDEX(Spring!$1:$1048576,MATCH(All!$A10,Spring!$A:$A,FALSE),MATCH(All!AA$1,Spring!$1:$1,FALSE))="","",INDEX(Spring!$1:$1048576,MATCH(All!$A10,Spring!$A:$A,FALSE),MATCH(All!AA$1,Spring!$1:$1,FALSE))),"") | AB10: =IFERROR(IF(INDEX(Spring!$1:$1048576,MATCH(All!$A10,Spring!$A:$A,FALSE),MATCH(All!AB$1,Spring!$1:$1,FALSE))="","",INDEX(Spring!$1:$1048576,MATCH(All!$A10,Spring!$A:$A,FALSE),MATCH(All!AB$1,Spring!$1:$1,FALSE))),"") -> 1A | AC10: =IFERROR(IF(INDEX(Spring!$1:$1048576,MATCH(All!$A10,Spring!$A:$A,FALSE),MATCH(All!AC$1,Spring!$1:$1,FALSE))="","",INDEX(Spring!$1:$1048576,MATCH(All!$A10,Spring!$A:$A,FALSE),MATCH(All!AC$1,Spring!$1:$1,FALSE))),"") -> 1A | AD10: =IFERROR(VLOOKUP(A10,'Flag Football'!A:A,1,FALSE),"") | AE10: =IF(AD10="","","1A")
A11: Anna (A.-Jonesboro) | B11: =IFERROR(VLOOKUP(A11,'Public v Private'!A:G,3,FALSE),"") -> 0 | C11: =IFERROR(VLOOKUP(A11,'Public v Private'!A:G,4,FALSE),"") -> 0 | D11: =IFERROR(VLOOKUP(A11,'Public v Private'!A:G,5,FALSE),"") -> 0 | F11: =IFERROR(INDEX(Fall!$1:$1048576,MATCH(All!$A11,Fall!$A:$A,FALSE),MATCH(All!F$1,Fall!$1:$1,FALSE)),"N/A") -> 453 | G11: =IFERROR(IF(INDEX(Fall!$1:$1048576,MATCH(All!$A11,Fall!$A:$A,FALSE),MATCH(All!G$1,Fall!$1:$1,FALSE))="","",INDEX(Fall!$1:$1048576,MATCH(All!$A11,Fall!$A:$A,FALSE),MATCH(All!G$1,Fall!$1:$1,FALSE))),"") -> 1A | H11: =IFERROR(IF(INDEX(Fall!$1:$1048576,MATCH(All!$A11,Fall!$A:$A,FALSE),MATCH(All!H$1,Fall!$1:$1,FALSE))="","",INDEX(Fall!$1:$1048576,MATCH(All!$A11,Fall!$A:$A,FALSE),MATCH(All!H$1,Fall!$1:$1,FALSE))),"") -> 1A | I11: =IFERROR(IF(INDEX(Fall!$1:$1048576,MATCH(All!$A11,Fall!$A:$A,FALSE),MATCH(All!I$1,Fall!$1:$1,FALSE))="","",INDEX(Fall!$1:$1048576,MATCH(All!$A11,Fall!$A:$A,FALSE),MATCH(All!I$1,Fall!$1:$1,FALSE))),"") -> 1A | J11: =IFERROR(IF(INDEX(Fall!$1:$1048576,MATCH(All!$A11,Fall!$A:$A,FALSE),MATCH(All!J$1,Fall!$1:$1,FALSE))="","",INDEX(Fall!$1:$1048576,MATCH(All!$A11,Fall!$A:$A,FALSE),MATCH(All!J$1,Fall!$1:$1,FALSE))),"") -> 1A | K11: =IFERROR(IF(INDEX(Fall!$1:$1048576,MATCH(All!$A11,Fall!$A:$A,FALSE),MATCH(All!K$1,Fall!$1:$1,FALSE))="","",INDEX(Fall!$1:$1048576,MATCH(All!$A11,Fall!$A:$A,FALSE),MATCH(All!K$1,Fall!$1:$1,FALSE))),"") -> 1A | L11: =IFERROR(IF(INDEX(Fall!$1:$1048576,MATCH(All!$A11,Fall!$A:$A,FALSE),MATCH(All!L$1,Fall!$1:$1,FALSE))="","",INDEX(Fall!$1:$1048576,MATCH(All!$A11,Fall!$A:$A,FALSE),MATCH(All!L$1,Fall!$1:$1,FALSE))),"") | M11: =IFERROR(IF(INDEX(Fall!$1:$1048576,MATCH(All!$A11,Fall!$A:$A,FALSE),MATCH(All!M$1,Fall!$1:$1,FALSE))="","",INDEX(Fall!$1:$1048576,MATCH(All!$A11,Fall!$A:$A,FALSE),MATCH(All!M$1,Fall!$1:$1,FALSE))),"") -> 2A | O11: =IFERROR(IF(INDEX(Winter!$1:$1048576,MATCH(All!$A11,Winter!$A:$A,FALSE),MATCH(All!O$1,Winter!$1:$1,FALSE))="","",INDEX(Winter!$1:$1048576,MATCH(All!$A11,Winter!$A:$A,FALSE),MATCH(All!O$1,Winter!$1:$1,FALSE))),"") -> 453 | P11: =IFERROR(IF(INDEX(Winter!$1:$1048576,MATCH(All!$A11,Winter!$A:$A,FALSE),MATCH(All!P$1,Winter!$1:$1,FALSE))="","",INDEX(Winter!$1:$1048576,MATCH(All!$A11,Winter!$A:$A,FALSE),MATCH(All!P$1,Winter!$1:$1,FALSE))),"") -> 2A | Q11: =IFERROR(IF(INDEX(Winter!$1:$1048576,MATCH(All!$A11,Winter!$A:$A,FALSE),MATCH(All!Q$1,Winter!$1:$1,FALSE))="","",INDEX(Winter!$1:$1048576,MATCH(All!$A11,Winter!$A:$A,FALSE),MATCH(All!Q$1,Winter!$1:$1,FALSE))),"") -> 2A | R11: =IFERROR(IF(INDEX(Winter!$1:$1048576,MATCH(All!$A11,Winter!$A:$A,FALSE),MATCH(All!R$1,Winter!$1:$1,FALSE))="","",INDEX(Winter!$1:$1048576,MATCH(All!$A11,Winter!$A:$A,FALSE),MATCH(All!R$1,Winter!$1:$1,FALSE))),"") | S11: =IFERROR(IF(INDEX(Winter!$1:$1048576,MATCH(All!$A11,Winter!$A:$A,FALSE),MATCH(All!S$1,Winter!$1:$1,FALSE))="","",INDEX(Winter!$1:$1048576,MATCH(All!$A11,Winter!$A:$A,FALSE),MATCH(All!S$1,Winter!$1:$1,FALSE))),"") | T11: =IFERROR(IF(INDEX(Winter!$1:$1048576,MATCH(All!$A11,Winter!$A:$A,FALSE),MATCH(All!T$1,Winter!$1:$1,FALSE))="","",INDEX(Winter!$1:$1048576,MATCH(All!$A11,Winter!$A:$A,FALSE),MATCH(All!T$1,Winter!$1:$1,FALSE))),"") -> 2A | U11: =IFERROR(IF(INDEX(Winter!$1:$1048576,MATCH(All!$A11,Winter!$A:$A,FALSE),MATCH(All!U$1,Winter!$1:$1,FALSE))="","",INDEX(Winter!$1:$1048576,MATCH(All!$A11,Winter!$A:$A,FALSE),MATCH(All!U$1,Winter!$1:$1,FALSE))),"") -> 1A | W11: =IFERROR(IF(INDEX(Spring!$1:$1048576,MATCH(All!$A11,Spring!$A:$A,FALSE),MATCH(All!W$1,Spring!$1:$1,FALSE))="","",INDEX(Spring!$1:$1048576,MATCH(All!$A11,Spring!$A:$A,FALSE),MATCH(All!W$1,Spring!$1:$1,FALSE))),"") -> 453 | X11: =IFERROR(IF(INDEX(Spring!$1:$1048576,MATCH(All!$A11,Spring!$A:$A,FALSE),MATCH(All!X$1,Spring!$1:$1,FALSE))="","",INDEX(Spring!$1:$1048576,MATCH(All!$A11,Spring!$A:$A,FALSE),MATCH(All!X$1,Spring!$1:$1,FALSE))),"") -> 2A | Y11: =IFERROR(IF(INDEX(Spring!$1:$1048576,MATCH(All!$A11,Spring!$A:$A,FALSE),MATCH(All!Y$1,Spring!$1:$1,FALSE))="","",INDEX(Spring!$1:$1048576,MATCH(All!$A11,Spring!$A:$A,FALSE),MATCH(All!Y$1,Spring!$1:$1,FALSE))),"") -> 2A | Z11: =IFERROR(IF(INDEX(Spring!$1:$1048576,MATCH(All!$A11,Spring!$A:$A,FALSE),MATCH(All!Z$1,Spring!$1:$1,FALSE))="","",INDEX(Spring!$1:$1048576,MATCH(All!$A11,Spring!$A:$A,FALSE),MATCH(All!Z$1,Spring!$1:$1,FALSE))),"") -> 1A | AA11: =IFERROR(IF(INDEX(Spring!$1:$1048576,MATCH(All!$A11,Spring!$A:$A,FALSE),MATCH(All!AA$1,Spring!$1:$1,FALSE))="","",INDEX(Spring!$1:$1048576,MATCH(All!$A11,Spring!$A:$A,FALSE),MATCH(All!AA$1,Spring!$1:$1,FALSE))),"") | AB11: =IFERROR(IF(INDEX(Spring!$1:$1048576,MATCH(All!$A11,Spring!$A:$A,FALSE),MATCH(All!AB$1,Spring!$1:$1,FALSE))="","",INDEX(Spring!$1:$1048576,MATCH(All!$A11,Spring!$A:$A,FALSE),MATCH(All!AB$1,Spring!$1:$1,FALSE))),"") -> 2A | AC11: =IFERROR(IF(INDEX(Spring!$1:$1048576,MATCH(All!$A11,Spring!$A:$A,FALSE),MATCH(All!AC$1,Spring!$1:$1,FALSE))="","",INDEX(Spring!$1:$1048576,MATCH(All!$A11,Spring!$A:$A,FALSE),MATCH(All!AC$1,Spring!$1:$1,FALSE))),"") -> 2A | AD11: =IFERROR(VLOOKUP(A11,'Flag Football'!A:A,1,FALSE),"") | AE11: =IF(AD11="","","1A")
A12: Annawan | B12: =IFERROR(VLOOKUP(A12,'Public v Private'!A:G,3,FALSE),"") -> 0 | C12: =IFERROR(VLOOKUP(A12,'Public v Private'!A:G,4,FALSE),"") -> 0 | D12: =IFERROR(VLOOKUP(A12,'Public v Private'!A:G,5,FALSE),"") -> 0 | F12: =IFERROR(INDEX(Fall!$1:$1048576,MATCH(All!$A12,Fall!$A:$A,FALSE),MATCH(All!F$1,Fall!$1:$1,FALSE)),"N/A") -> 94 | G12: =IFERROR(IF(INDEX(Fall!$1:$1048576,MATCH(All!$A12,Fall!$A:$A,FALSE),MATCH(All!G$1,Fall!$1:$1,FALSE))="","",INDEX(Fall!$1:$1048576,MATCH(All!$A12,Fall!$A:$A,FALSE),MATCH(All!G$1,Fall!$1:$1,FALSE))),"") | H12: =IFERROR(IF(INDEX(Fall!$1:$1048576,MATCH(All!$A12,Fall!$A:$A,FALSE),MATCH(All!H$1,Fall!$1:$1,FALSE))="","",INDEX(Fall!$1:$1048576,MATCH(All!$A12,Fall!$A:$A,FALSE),MATCH(All!H$1,Fall!$1:$1,FALSE))),"") | I12: =IFERROR(IF(INDEX(Fall!$1:$1048576,MATCH(All!$A12,Fall!$A:$A,FALSE),MATCH(All!I$1,Fall!$1:$1,FALSE))="","",INDEX(Fall!$1:$1048576,MATCH(All!$A12,Fall!$A:$A,FALSE),MATCH(All!I$1,Fall!$1:$1,FALSE))),"") | J12: =IFERROR(IF(INDEX(Fall!$1:$1048576,MATCH(All!$A12,Fall!$A:$A,FALSE),MATCH(All!J$1,Fall!$1:$1,FALSE))="","",INDEX(Fall!$1:$1048576,MATCH(All!$A12,Fall!$A:$A,FALSE),MATCH(All!J$1,Fall!$1:$1,FALSE))),"") | K12: =IFERROR(IF(INDEX(Fall!$1:$1048576,MATCH(All!$A12,Fall!$A:$A,FALSE),MATCH(All!K$1,Fall!$1:$1,FALSE))="","",INDEX(Fall!$1:$1048576,MATCH(All!$A12,Fall!$A:$A,FALSE),MATCH(All!K$1,Fall!$1:$1,FALSE))),"") | L12: =IFERROR(IF(INDEX(Fall!$1:$1048576,MATCH(All!$A12,Fall!$A:$A,FALSE),MATCH(All!L$1,Fall!$1:$1,FALSE))="","",INDEX(Fall!$1:$1048576,MATCH(All!$A12,Fall!$A:$A,FALSE),MATCH(All!L$1,Fall!$1:$1,FALSE))),"") | M12: =IFERROR(IF(INDEX(Fall!$1:$1048576,MATCH(All!$A12,Fall!$A:$A,FALSE),MATCH(All!M$1,Fall!$1:$1,FALSE))="","",INDEX(Fall!$1:$1048576,MATCH(All!$A12,Fall!$A:$A,FALSE),MATCH(All!M$1,Fall!$1:$1,FALSE))),"") -> 1A | O12: =IFERROR(IF(INDEX(Winter!$1:$1048576,MATCH(All!$A12,Winter!$A:$A,FALSE),MATCH(All!O$1,Winter!$1:$1,FALSE))="","",INDEX(Winter!$1:$1048576,MATCH(All!$A12,Winter!$A:$A,FALSE),MATCH(All!O$1,Winter!$1:$1,FALSE))),"") -> 94 | P12: =IFERROR(IF(INDEX(Winter!$1:$1048576,MATCH(All!$A12,Winter!$A:$A,FALSE),MATCH(All!P$1,Winter!$1:$1,FALSE))="","",INDEX(Winter!$1:$1048576,MATCH(All!$A12,Winter!$A:$A,FALSE),MATCH(All!P$1,Winter!$1:$1,FALSE))),"") -> 1A | Q12: =IFERROR(IF(INDEX(Winter!$1:$1048576,MATCH(All!$A12,Winter!$A:$A,FALSE),MATCH(All!Q$1,Winter!$1:$1,FALSE))="","",INDEX(Winter!$1:$1048576,MATCH(All!$A12,Winter!$A:$A,FALSE),MATCH(All!Q$1,Winter!$1:$1,FALSE))),"") -> 1A | R12: =IFERROR(IF(INDEX(Winter!$1:$1048576,MATCH(All!$A12,Winter!$A:$A,FALSE),MATCH(All!R$1,Winter!$1:$1,FALSE))="","",INDEX(Winter!$1:$1048576,MATCH(All!$A12,Winter!$A:$A,FALSE),MATCH(All!R$1,Winter!$1:$1,FALSE))),"") | S12: =IFERROR(IF(INDEX(Winter!$1:$1048576,MATCH(All!$A12,Winter!$A:$A,FALSE),MATCH(All!S$1,Winter!$1:$1,FALSE))="","",INDEX(Winter!$1:$1048576,MATCH(All!$A12,Winter!$A:$A,FALSE),MATCH(All!S$1,Winter!$1:$1,FALSE))),"") | T12: =IFERROR(IF(INDEX(Winter!$1:$1048576,MATCH(All!$A12,Winter!$A:$A,FALSE),MATCH(All!T$1,Winter!$1:$1,FALSE))="","",INDEX(Winter!$1:$1048576,MATCH(All!$A12,Winter!$A:$A,FALSE),MATCH(All!T$1,Winter!$1:$1,FALSE))),"") -> 1A | U12: =IFERROR(IF(INDEX(Winter!$1:$1048576,MATCH(All!$A12,Winter!$A:$A,FALSE),MATCH(All!U$1,Winter!$1:$1,FALSE))="","",INDEX(Winter!$1:$1048576,MATCH(All!$A12,Winter!$A:$A,FALSE),MATCH(All!U$1,Winter!$1:$1,FALSE))),"") | W12: =IFERROR(IF(INDEX(Spring!$1:$1048576,MATCH(All!$A12,Spring!$A:$A,FALSE),MATCH(All!W$1,Spring!$1:$1,FALSE))="","",INDEX(Spring!$1:$1048576,MATCH(All!$A12,Spring!$A:$A,FALSE),MATCH(All!W$1,Spring!$1:$1,FALSE))),"") | X12: =IFERROR(IF(INDEX(Spring!$1:$1048576,MATCH(All!$A12,Spring!$A:$A,FALSE),MATCH(All!X$1,Spring!$1:$1,FALSE))="","",INDEX(Spring!$1:$1048576,MATCH(All!$A12,Spring!$A:$A,FALSE),MATCH(All!X$1,Spring!$1:$1,FALSE))),"") | Y12: =IFERROR(IF(INDEX(Spring!$1:$1048576,MATCH(All!$A12,Spring!$A:$A,FALSE),MATCH(All!Y$1,Spring!$1:$1,FALSE))="","",INDEX(Spring!$1:$1048576,MATCH(All!$A12,Spring!$A:$A,FALSE),MATCH(All!Y$1,Spring!$1:$1,FALSE))),"") | Z12: =IFERROR(IF(INDEX(Spring!$1:$1048576,MATCH(All!$A12,Spring!$A:$A,FALSE),MATCH(All!Z$1,Spring!$1:$1,FALSE))="","",INDEX(Spring!$1:$1048576,MATCH(All!$A12,Spring!$A:$A,FALSE),MATCH(All!Z$1,Spring!$1:$1,FALSE))),"") | AA12: =IFERROR(IF(INDEX(Spring!$1:$1048576,MATCH(All!$A12,Spring!$A:$A,FALSE),MATCH(All!AA$1,Spring!$1:$1,FALSE))="","",INDEX(Spring!$1:$1048576,MATCH(All!$A12,Spring!$A:$A,FALSE),MATCH(All!AA$1,Spring!$1:$1,FALSE))),"") | AB12: =IFERROR(IF(INDEX(Spring!$1:$1048576,MATCH(All!$A12,Spring!$A:$A,FALSE),MATCH(All!AB$1,Spring!$1:$1,FALSE))="","",INDEX(Spring!$1:$1048576,MATCH(All!$A12,Spring!$A:$A,FALSE),MATCH(All!AB$1,Spring!$1:$1,FALSE))),"") | AC12: =IFERROR(IF(INDEX(Spring!$1:$1048576,MATCH(All!$A12,Spring!$A:$A,FALSE),MATCH(All!AC$1,Spring!$1:$1,FALSE))="","",INDEX(Spring!$1:$1048576,MATCH(All!$A12,Spring!$A:$A,FALSE),MATCH(All!AC$1,Spring!$1:$1,FALSE))),"") | AD12: =IFERROR(VLOOKUP(A12,'Flag Football'!A:A,1,FALSE),"") | AE12: =IF(AD12="","","1A")
A13: Antioch | B13: =IFERROR(VLOOKUP(A13,'Public v Private'!A:G,3,FALSE),"") -> 0 | C13: =IFERROR(VLOOKUP(A13,'Public v Private'!A:G,4,FALSE),"") -> 0 | D13: =IFERROR(VLOOKUP(A13,'Public v Private'!A:G,5,FALSE),"") -> 0 | F13: =IFERROR(INDEX(Fall!$1:$1048576,MATCH(All!$A13,Fall!$A:$A,FALSE),MATCH(All!F$1,Fall!$1:$1,FALSE)),"N/A") -> 1296 | G13: =IFERROR(IF(INDEX(Fall!$1:$1048576,MATCH(All!$A13,Fall!$A:$A,FALSE),MATCH(All!G$1,Fall!$1:$1,FALSE))="","",INDEX(Fall!$1:$1048576,MATCH(All!$A13,Fall!$A:$A,FALSE),MATCH(All!G$1,Fall!$1:$1,FALSE))),"") -> 2A | H13: =IFERROR(IF(INDEX(Fall!$1:$1048576,MATCH(All!$A13,Fall!$A:$A,FALSE),MATCH(All!H$1,Fall!$1:$1,FALSE))="","",INDEX(Fall!$1:$1048576,MATCH(All!$A13,Fall!$A:$A,FALSE),MATCH(All!H$1,Fall!$1:$1,FALSE))),"") -> 2A | I13: =IFERROR(IF(INDEX(Fall!$1:$1048576,MATCH(All!$A13,Fall!$A:$A,FALSE),MATCH(All!I$1,Fall!$1:$1,FALSE))="","",INDEX(Fall!$1:$1048576,MATCH(All!$A13,Fall!$A:$A,FALSE),MATCH(All!I$1,Fall!$1:$1,FALSE))),"") -> 2A | J13: =IFERROR(IF(INDEX(Fall!$1:$1048576,MATCH(All!$A13,Fall!$A:$A,FALSE),MATCH(All!J$1,Fall!$1:$1,FALSE))="","",INDEX(Fall!$1:$1048576,MATCH(All!$A13,Fall!$A:$A,FALSE),MATCH(All!J$1,Fall!$1:$1,FALSE))),"") -> 2A | K13: =IFERROR(IF(INDEX(Fall!$1:$1048576,MATCH(All!$A13,Fall!$A:$A,FALSE),MATCH(All!K$1,Fall!$1:$1,FALSE))="","",INDEX(Fall!$1:$1048576,MATCH(All!$A13,Fall!$A:$A,FALSE),MATCH(All!K$1,Fall!$1:$1,FALSE))),"") -> 2A | L13: =IFERROR(IF(INDEX(Fall!$1:$1048576,MATCH(All!$A13,Fall!$A:$A,FALSE),MATCH(All!L$1,Fall!$1:$1,FALSE))="","",INDEX(Fall!$1:$1048576,MATCH(All!$A13,Fall!$A:$A,FALSE),MATCH(All!L$1,Fall!$1:$1,FALSE))),"") -> 1A | M13: =IFERROR(IF(INDEX(Fall!$1:$1048576,MATCH(All!$A13,Fall!$A:$A,FALSE),MATCH(All!M$1,Fall!$1:$1,FALSE))="","",INDEX(Fall!$1:$1048576,MATCH(All!$A13,Fall!$A:$A,FALSE),MATCH(All!M$1,Fall!$1:$1,FALSE))),"") -> 3A | O13: =IFERROR(IF(INDEX(Winter!$1:$1048576,MATCH(All!$A13,Winter!$A:$A,FALSE),MATCH(All!O$1,Winter!$1:$1,FALSE))="","",INDEX(Winter!$1:$1048576,MATCH(All!$A13,Winter!$A:$A,FALSE),MATCH(All!O$1,Winter!$1:$1,FALSE))),"") -> 1296 | P13: =IFERROR(IF(INDEX(Winter!$1:$1048576,MATCH(All!$A13,Winter!$A:$A,FALSE),MATCH(All!P$1,Winter!$1:$1,FALSE))="","",INDEX(Winter!$1:$1048576,MATCH(All!$A13,Winter!$A:$A,FALSE),MATCH(All!P$1,Winter!$1:$1,FALSE))),"") -> 3A | Q13: =IFERROR(IF(INDEX(Winter!$1:$1048576,MATCH(All!$A13,Winter!$A:$A,FALSE),MATCH(All!Q$1,Winter!$1:$1,FALSE))="","",INDEX(Winter!$1:$1048576,MATCH(All!$A13,Winter!$A:$A,FALSE),MATCH(All!Q$1,Winter!$1:$1,FALSE))),"") -> 3A | R13: =IFERROR(IF(INDEX(Winter!$1:$1048576,MATCH(All!$A13,Winter!$A:$A,FALSE),MATCH(All!R$1,Winter!$1:$1,FALSE))="","",INDEX(Winter!$1:$1048576,MATCH(All!$A13,Winter!$A:$A,FALSE),MATCH(All!R$1,Winter!$1:$1,FALSE))),"") -> 2A | S13: =IFERROR(IF(INDEX(Winter!$1:$1048576,MATCH(All!$A13,Winter!$A:$A,FALSE),MATCH(All!S$1,Winter!$1:$1,FALSE))="","",INDEX(Winter!$1:$1048576,MATCH(All!$A13,Winter!$A:$A,FALSE),MATCH(All!S$1,Winter!$1:$1,FALSE))),"") -> 2A | T13: =IFERROR(IF(INDEX(Winter!$1:$1048576,MATCH(All!$A13,Winter!$A:$A,FALSE),MATCH(All!T$1,Winter!$1:$1,FALSE))="","",INDEX(Winter!$1:$1048576,MATCH(All!$A13,Winter!$A:$A,FALSE),MATCH(All!T$1,Winter!$1:$1,FALSE))),"") -> 2A | U13: =IFERROR(IF(INDEX(Winter!$1:$1048576,MATCH(All!$A13,Winter!$A:$A,FALSE),MATCH(All!U$1,Winter!$1:$1,FALSE))="","",INDEX(Winter!$1:$1048576,MATCH(All!$A13,Winter!$A:$A,FALSE),MATCH(All!U$1,Winter!$1:$1,FALSE))),"") -> 2A | W13: =IFERROR(IF(INDEX(Spring!$1:$1048576,MATCH(All!$A13,Spring!$A:$A,FALSE),MATCH(All!W$1,Spring!$1:$1,FALSE))="","",INDEX(Spring!$1:$1048576,MATCH(All!$A13,Spring!$A:$A,FALSE),MATCH(All!W$1,Spring!$1:$1,FALSE))),"") -> 1296 | X13: =IFERROR(IF(INDEX(Spring!$1:$1048576,MATCH(All!$A13,Spring!$A:$A,FALSE),MATCH(All!X$1,Spring!$1:$1,FALSE))="","",INDEX(Spring!$1:$1048576,MATCH(All!$A13,Spring!$A:$A,FALSE),MATCH(All!X$1,Spring!$1:$1,FALSE))),"") -> 3A | Y13: =IFERROR(IF(INDEX(Spring!$1:$1048576,MATCH(All!$A13,Spring!$A:$A,FALSE),MATCH(All!Y$1,Spring!$1:$1,FALSE))="","",INDEX(Spring!$1:$1048576,MATCH(All!$A13,Spring!$A:$A,FALSE),MATCH(All!Y$1,Spring!$1:$1,FALSE))),"") -> 3A | Z13: =IFERROR(IF(INDEX(Spring!$1:$1048576,MATCH(All!$A13,Spring!$A:$A,FALSE),MATCH(All!Z$1,Spring!$1:$1,FALSE))="","",INDEX(Spring!$1:$1048576,MATCH(All!$A13,Spring!$A:$A,FALSE),MATCH(All!Z$1,Spring!$1:$1,FALSE))),"") -> 2A | AA13: =IFERROR(IF(INDEX(Spring!$1:$1048576,MATCH(All!$A13,Spring!$A:$A,FALSE),MATCH(All!AA$1,Spring!$1:$1,FALSE))="","",INDEX(Spring!$1:$1048576,MATCH(All!$A13,Spring!$A:$A,FALSE),MATCH(All!AA$1,Spring!$1:$1,FALSE))),"") -> 1A | AB13: =IFERROR(IF(INDEX(Spring!$1:$1048576,MATCH(All!$A13,Spring!$A:$A,FALSE),MATCH(All!AB$1,Spring!$1:$1,FALSE))="","",INDEX(Spring!$1:$1048576,MATCH(All!$A13,Spring!$A:$A,FALSE),MATCH(All!AB$1,Spring!$1:$1,FALSE))),"") -> 3A | AC13: =IFERROR(IF(INDEX(Spring!$1:$1048576,MATCH(All!$A13,Spring!$A:$A,FALSE),MATCH(All!AC$1,Spring!$1:$1,FALSE))="","",INDEX(Spring!$1:$1048576,MATCH(All!$A13,Spring!$A:$A,FALSE),MATCH(All!AC$1,Spring!$1:$1,FALSE))),"") -> 3A | AD13: =IFERROR(VLOOKUP(A13,'Flag Football'!A:A,1,FALSE),"") -> Antioch | AE13: =IF(AD13="","","1A") -> 1A
... A145: Chicago (Curie) | B145: =IFERROR(VLOOKUP(A145,'Public v Private'!A:G,3,FALSE),"") -> no | C145: =IFERROR(VLOOKUP(A145,'Public v Private'!A:G,4,FALSE),"") -> 0 | D145: =IFERROR(VLOOKUP(A145,'Public v Private'!A:G,5,FALSE),"") -> 0 | F145: =IFERROR(INDEX(Fall!$1:$1048576,MATCH(All!$A145,Fall!$A:$A,FALSE),MATCH(All!F$1,Fall!$1:$1,FALSE)),"N/A") -> 2,873.00 (4,740.45) | G145: =IFERROR(IF(INDEX(Fall!$1:$1048576,MATCH(All!$A145,Fall!$A:$A,FALSE),MATCH(All!G$1,Fall!$1:$1,FALSE))="","",INDEX(Fall!$1:$1048576,MATCH(All!$A145,Fall!$A:$A,FALSE),MATCH(All!G$1,Fall!$1:$1,FALSE))),"") | H145: =IFERROR(IF(INDEX(Fall!$1:$1048576,MATCH(All!$A145,Fall!$A:$A,FALSE),MATCH(All!H$1,Fall!$1:$1,FALSE))="","",INDEX(Fall!$1:$1048576,MATCH(All!$A145,Fall!$A:$A,FALSE),MATCH(All!H$1,Fall!$1:$1,FALSE))),"") | I145: =IFERROR(IF(INDEX(Fall!$1:$1048576,MATCH(All!$A145,Fall!$A:$A,FALSE),MATCH(All!I$1,Fall!$1:$1,FALSE))="","",INDEX(Fall!$1:$1048576,MATCH(All!$A145,Fall!$A:$A,FALSE),MATCH(All!I$1,Fall!$1:$1,FALSE))),"") | J145: =IFERROR(IF(INDEX(Fall!$1:$1048576,MATCH(All!$A145,Fall!$A:$A,FALSE),MATCH(All!J$1,Fall!$1:$1,FALSE))="","",INDEX(Fall!$1:$1048576,MATCH(All!$A145,Fall!$A:$A,FALSE),MATCH(All!J$1,Fall!$1:$1,FALSE))),"") | K145: =IFERROR(IF(INDEX(Fall!$1:$1048576,MATCH(All!$A145,Fall!$A:$A,FALSE),MATCH(All!K$1,Fall!$1:$1,FALSE))="","",INDEX(Fall!$1:$1048576,MATCH(All!$A145,Fall!$A:$A,FALSE),MATCH(All!K$1,Fall!$1:$1,FALSE))),"") -> 3A | L145: =IFERROR(IF(INDEX(Fall!$1:$1048576,MATCH(All!$A145,Fall!$A:$A,FALSE),MATCH(All!L$1,Fall!$1:$1,FALSE))="","",INDEX(Fall!$1:$1048576,MATCH(All!$A145,Fall!$A:$A,FALSE),MATCH(All!L$1,Fall!$1:$1,FALSE))),"") | M145: =IFERROR(IF(INDEX(Fall!$1:$1048576,MATCH(All!$A145,Fall!$A:$A,FALSE),MATCH(All!M$1,Fall!$1:$1,FALSE))="","",INDEX(Fall!$1:$1048576,MATCH(All!$A145,Fall!$A:$A,FALSE),MATCH(All!M$1,Fall!$1:$1,FALSE))),"") -> 4A | O145: =IFERROR(IF(INDEX(Winter!$1:$1048576,MATCH(All!$A145,Winter!$A:$A,FALSE),MATCH(All!O$1,Winter!$1:$1,FALSE))="","",INDEX(Winter!$1:$1048576,MATCH(All!$A145,Winter!$A:$A,FALSE),MATCH(All!O$1,Winter!$1:$1,FALSE))),"") -> 2,873.00 (4,740.45) | P145: =IFERROR(IF(INDEX(Winter!$1:$1048576,MATCH(All!$A145,Winter!$A:$A,FALSE),MATCH(All!P$1,Winter!$1:$1,FALSE))="","",INDEX(Winter!$1:$1048576,MATCH(All!$A145,Winter!$A:$A,FALSE),MATCH(All!P$1,Winter!$1:$1,FALSE))),"") -> 4A | Q145: =IFERROR(IF(INDEX(Winter!$1:$1048576,MATCH(All!$A145,Winter!$A:$A,FALSE),MATCH(All!Q$1,Winter!$1:$1,FALSE))="","",INDEX(Winter!$1:$1048576,MATCH(All!$A145,Winter!$A:$A,FALSE),MATCH(All!Q$1,Winter!$1:$1,FALSE))),"") -> 4A | R145: =IFERROR(IF(INDEX(Winter!$1:$1048576,MATCH(All!$A145,Winter!$A:$A,FALSE),MATCH(All!R$1,Winter!$1:$1,FALSE))="","",INDEX(Winter!$1:$1048576,MATCH(All!$A145,Winter!$A:$A,FALSE),MATCH(All!R$1,Winter!$1:$1,FALSE))),"") -> 3A | S145: =IFERROR(IF(INDEX(Winter!$1:$1048576,MATCH(All!$A145,Winter!$A:$A,FALSE),MATCH(All!S$1,Winter!$1:$1,FALSE))="","",INDEX(Winter!$1:$1048576,MATCH(All!$A145,Winter!$A:$A,FALSE),MATCH(All!S$1,Winter!$1:$1,FALSE))),"") | T145: =IFERROR(IF(INDEX(Winter!$1:$1048576,MATCH(All!$A145,Winter!$A:$A,FALSE),MATCH(All!T$1,Winter!$1:$1,FALSE))="","",INDEX(Winter!$1:$1048576,MATCH(All!$A145,Winter!$A:$A,FALSE),MATCH(All!T$1,Winter!$1:$1,FALSE))),"") | U145: =IFERROR(IF(INDEX(Winter!$1:$1048576,MATCH(All!$A145,Winter!$A:$A,FALSE),MATCH(All!U$1,Winter!$1:$1,FALSE))="","",INDEX(Winter!$1:$1048576,MATCH(All!$A145,Winter!$A:$A,FALSE),MATCH(All!U$1,Winter!$1:$1,FALSE))),"") -> 3A | W145: =IFERROR(IF(INDEX(Spring!$1:$1048576,MATCH(All!$A145,Spring!$A:$A,FALSE),MATCH(All!W$1,Spring!$1:$1,FALSE))="","",INDEX(Spring!$1:$1048576,MATCH(All!$A145,Spring!$A:$A,FALSE),MATCH(All!W$1,Spring!$1:$1,FALSE))),"") -> 2,873.00 (4,740.45) | X145: =IFERROR(IF(INDEX(Spring!$1:$1048576,MATCH(All!$A145,Spring!$A:$A,FALSE),MATCH(All!X$1,Spring!$1:$1,FALSE))="","",INDEX(Spring!$1:$1048576,MATCH(All!$A145,Spring!$A:$A,FALSE),MATCH(All!X$1,Spring!$1:$1,FALSE))),"") | Y145: =IFERROR(IF(INDEX(Spring!$1:$1048576,MATCH(All!$A145,Spring!$A:$A,FALSE),MATCH(All!Y$1,Spring!$1:$1,FALSE))="","",INDEX(Spring!$1:$1048576,MATCH(All!$A145,Spring!$A:$A,FALSE),MATCH(All!Y$1,Spring!$1:$1,FALSE))),"") | Z145: =IFERROR(IF(INDEX(Spring!$1:$1048576,MATCH(All!$A145,Spring!$A:$A,FALSE),MATCH(All!Z$1,Spring!$1:$1,FALSE))="","",INDEX(Spring!$1:$1048576,MATCH(All!$A145,Spring!$A:$A,FALSE),MATCH(All!Z$1,Spring!$1:$1,FALSE))),"") | AA145: =IFERROR(IF(INDEX(Spring!$1:$1048576,MATCH(All!$A145,Spring!$A:$A,FALSE),MATCH(All!AA$1,Spring!$1:$1,FALSE))="","",INDEX(Spring!$1:$1048576,MATCH(All!$A145,Spring!$A:$A,FALSE),MATCH(All!AA$1,Spring!$1:$1,FALSE))),"") | AB145: =IFERROR(IF(INDEX(Spring!$1:$1048576,MATCH(All!$A145,Spring!$A:$A,FALSE),MATCH(All!AB$1,Spring!$1:$1,FALSE))="","",INDEX(Spring!$1:$1048576,MATCH(All!$A145,Spring!$A:$A,FALSE),MATCH(All!AB$1,Spring!$1:$1,FALSE))),"") -> 3A | AC145: =IFERROR(IF(INDEX(Spring!$1:$1048576,MATCH(All!$A145,Spring!$A:$A,FALSE),MATCH(All!AC$1,Spring!$1:$1,FALSE))="","",INDEX(Spring!$1:$1048576,MATCH(All!$A145,Spring!$A:$A,FALSE),MATCH(All!AC$1,Spring!$1:$1,FALSE))),"") -> 3A | AD145: =IFERROR(VLOOKUP(A145,'Flag Football'!A:A,1,FALSE),"") -> Chicago (Curie) | AE145: =IF(AD145="","","1A") -> 1A
A146: Chicago (Daystar Academy) | B146: =IFERROR(VLOOKUP(A146,'Public v Private'!A:G,3,FALSE),"") -> private | C146: 1 | D146: 2 | F146: =IFERROR(INDEX(Fall!$1:$1048576,MATCH(All!$A146,Fall!$A:$A,FALSE),MATCH(All!F$1,Fall!$1:$1,FALSE)),"N/A") -> 45.00 (45.00) | G146: =IFERROR(IF(INDEX(Fall!$1:$1048576,MATCH(All!$A146,Fall!$A:$A,FALSE),MATCH(All!G$1,Fall!$1:$1,FALSE))="","",INDEX(Fall!$1:$1048576,MATCH(All!$A146,Fall!$A:$A,FALSE),MATCH(All!G$1,Fall!$1:$1,FALSE))),"") | H146: =IFERROR(IF(INDEX(Fall!$1:$1048576,MATCH(All!$A146,Fall!$A:$A,FALSE),MATCH(All!H$1,Fall!$1:$1,FALSE))="","",INDEX(Fall!$1:$1048576,MATCH(All!$A146,Fall!$A:$A,FALSE),MATCH(All!H$1,Fall!$1:$1,FALSE))),"") | I146: =IFERROR(IF(INDEX(Fall!$1:$1048576,MATCH(All!$A146,Fall!$A:$A,FALSE),MATCH(All!I$1,Fall!$1:$1,FALSE))="","",INDEX(Fall!$1:$1048576,MATCH(All!$A146,Fall!$A:$A,FALSE),MATCH(All!I$1,Fall!$1:$1,FALSE))),"") | J146: =IFERROR(IF(INDEX(Fall!$1:$1048576,MATCH(All!$A146,Fall!$A:$A,FALSE),MATCH(All!J$1,Fall!$1:$1,FALSE))="","",INDEX(Fall!$1:$1048576,MATCH(All!$A146,Fall!$A:$A,FALSE),MATCH(All!J$1,Fall!$1:$1,FALSE))),"") | K146: =IFERROR(IF(INDEX(Fall!$1:$1048576,MATCH(All!$A146,Fall!$A:$A,FALSE),MATCH(All!K$1,Fall!$1:$1,FALSE))="","",INDEX(Fall!$1:$1048576,MATCH(All!$A146,Fall!$A:$A,FALSE),MATCH(All!K$1,Fall!$1:$1,FALSE))),"") -> 1A | L146: =IFERROR(IF(INDEX(Fall!$1:$1048576,MATCH(All!$A146,Fall!$A:$A,FALSE),MATCH(All!L$1,Fall!$1:$1,FALSE))="","",INDEX(Fall!$1:$1048576,MATCH(All!$A146,Fall!$A:$A,FALSE),MATCH(All!L$1,Fall!$1:$1,FALSE))),"") | M146: =IFERROR(IF(INDEX(Fall!$1:$1048576,MATCH(All!$A146,Fall!$A:$A,FALSE),MATCH(All!M$1,Fall!$1:$1,FALSE))="","",INDEX(Fall!$1:$1048576,MATCH(All!$A146,Fall!$A:$A,FALSE),MATCH(All!M$1,Fall!$1:$1,FALSE))),"") | O146: =IFERROR(IF(INDEX(Winter!$1:$1048576,MATCH(All!$A146,Winter!$A:$A,FALSE),MATCH(All!O$1,Winter!$1:$1,FALSE))="","",INDEX(Winter!$1:$1048576,MATCH(All!$A146,Winter!$A:$A,FALSE),MATCH(All!O$1,Winter!$1:$1,FALSE))),"") -> 45.00 (45.00) | P146: =IFERROR(IF(INDEX(Winter!$1:$1048576,MATCH(All!$A146,Winter!$A:$A,FALSE),MATCH(All!P$1,Winter!$1:$1,FALSE))="","",INDEX(Winter!$1:$1048576,MATCH(All!$A146,Winter!$A:$A,FALSE),MATCH(All!P$1,Winter!$1:$1,FALSE))),"") -> 1A | Q146: =IFERROR(IF(INDEX(Winter!$1:$1048576,MATCH(All!$A146,Winter!$A:$A,FALSE),MATCH(All!Q$1,Winter!$1:$1,FALSE))="","",INDEX(Winter!$1:$1048576,MATCH(All!$A146,Winter!$A:$A,FALSE),MATCH(All!Q$1,Winter!$1:$1,FALSE))),"") | R146: =IFERROR(IF(INDEX(Winter!$1:$1048576,MATCH(All!$A146,Winter!$A:$A,FALSE),MATCH(All!R$1,Winter!$1:$1,FALSE))="","",INDEX(Winter!$1:$1048576,MATCH(All!$A146,Winter!$A:$A,FALSE),MATCH(All!R$1,Winter!$1:$1,FALSE))),"") | S146: =IFERROR(IF(INDEX(Winter!$1:$1048576,MATCH(All!$A146,Winter!$A:$A,FALSE),MATCH(All!S$1,Winter!$1:$1,FALSE))="","",INDEX(Winter!$1:$1048576,MATCH(All!$A146,Winter!$A:$A,FALSE),MATCH(All!S$1,Winter!$1:$1,FALSE))),"") | T146: =IFERROR(IF(INDEX(Winter!$1:$1048576,MATCH(All!$A146,Winter!$A:$A,FALSE),MATCH(All!T$1,Winter!$1:$1,FALSE))="","",INDEX(Winter!$1:$1048576,MATCH(All!$A146,Winter!$A:$A,FALSE),MATCH(All!T$1,Winter!$1:$1,FALSE))),"") | U146: =IFERROR(IF(INDEX(Winter!$1:$1048576,MATCH(All!$A146,Winter!$A:$A,FALSE),MATCH(All!U$1,Winter!$1:$1,FALSE))="","",INDEX(Winter!$1:$1048576,MATCH(All!$A146,Winter!$A:$A,FALSE),MATCH(All!U$1,Winter!$1:$1,FALSE))),"") | W146: =IFERROR(IF(INDEX(Spring!$1:$1048576,MATCH(All!$A146,Spring!$A:$A,FALSE),MATCH(All!W$1,Spring!$1:$1,FALSE))="","",INDEX(Spring!$1:$1048576,MATCH(All!$A146,Spring!$A:$A,FALSE),MATCH(All!W$1,Spring!$1:$1,FALSE))),"") | X146: =IFERROR(IF(INDEX(Spring!$1:$1048576,MATCH(All!$A146,Spring!$A:$A,FALSE),MATCH(All!X$1,Spring!$1:$1,FALSE))="","",INDEX(Spring!$1:$1048576,MATCH(All!$A146,Spring!$A:$A,FALSE),MATCH(All!X$1,Spring!$1:$1,FALSE))),"") | Y146: =IFERROR(IF(INDEX(Spring!$1:$1048576,MATCH(All!$A146,Spring!$A:$A,FALSE),MATCH(All!Y$1,Spring!$1:$1,FALSE))="","",INDEX(Spring!$1:$1048576,MATCH(All!$A146,Spring!$A:$A,FALSE),MATCH(All!Y$1,Spring!$1:$1,FALSE))),"") | Z146: =IFERROR(IF(INDEX(Spring!$1:$1048576,MATCH(All!$A146,Spring!$A:$A,FALSE),MATCH(All!Z$1,Spring!$1:$1,FALSE))="","",INDEX(Spring!$1:$1048576,MATCH(All!$A146,Spring!$A:$A,FALSE),MATCH(All!Z$1,Spring!$1:$1,FALSE))),"") | AA146: =IFERROR(IF(INDEX(Spring!$1:$1048576,MATCH(All!$A146,Spring!$A:$A,FALSE),MATCH(All!AA$1,Spring!$1:$1,FALSE))="","",INDEX(Spring!$1:$1048576,MATCH(All!$A146,Spring!$A:$A,FALSE),MATCH(All!AA$1,Spring!$1:$1,FALSE))),"") | AB146: =IFERROR(IF(INDEX(Spring!$1:$1048576,MATCH(All!$A146,Spring!$A:$A,FALSE),MATCH(All!AB$1,Spring!$1:$1,FALSE))="","",INDEX(Spring!$1:$1048576,MATCH(All!$A146,Spring!$A:$A,FALSE),MATCH(All!AB$1,Spring!$1:$1,FALSE))),"") | AC146: =IFERROR(IF(INDEX(Spring!$1:$1048576,MATCH(All!$A146,Spring!$A:$A,FALSE),MATCH(All!AC$1,Spring!$1:$1,FALSE))="","",INDEX(Spring!$1:$1048576,MATCH(All!$A146,Spring!$A:$A,FALSE),MATCH(All!AC$1,Spring!$1:$1,FALSE))),"") | AD146: =IFERROR(VLOOKUP(A146,'Flag Football'!A:A,1,FALSE),"") | AE146: =IF(AD146="","","1A")
A147: Chicago (De La Salle) | B147: =IFERROR(VLOOKUP(A147,'Public v Private'!A:G,3,FALSE),"") -> private | C147: =IFERROR(VLOOKUP(A147,'Public v Private'!A:G,4,FALSE),"") -> 1 | D147: =IFERROR(VLOOKUP(A147,'Public v Private'!A:G,5,FALSE),"") -> 2 | F147: =IFERROR(INDEX(Fall!$1:$1048576,MATCH(All!$A147,Fall!$A:$A,FALSE),MATCH(All!F$1,Fall!$1:$1,FALSE)),"N/A") -> 740.00 (1,221.00) | G147: =IFERROR(IF(INDEX(Fall!$1:$1048576,MATCH(All!$A147,Fall!$A:$A,FALSE),MATCH(All!G$1,Fall!$1:$1,FALSE))="","",INDEX(Fall!$1:$1048576,MATCH(All!$A147,Fall!$A:$A,FALSE),MATCH(All!G$1,Fall!$1:$1,FALSE))),"") -> 2A | H147: =IFERROR(IF(INDEX(Fall!$1:$1048576,MATCH(All!$A147,Fall!$A:$A,FALSE),MATCH(All!H$1,Fall!$1:$1,FALSE))="","",INDEX(Fall!$1:$1048576,MATCH(All!$A147,Fall!$A:$A,FALSE),MATCH(All!H$1,Fall!$1:$1,FALSE))),"") -> 2A | I147: =IFERROR(IF(INDEX(Fall!$1:$1048576,MATCH(All!$A147,Fall!$A:$A,FALSE),MATCH(All!I$1,Fall!$1:$1,FALSE))="","",INDEX(Fall!$1:$1048576,MATCH(All!$A147,Fall!$A:$A,FALSE),MATCH(All!I$1,Fall!$1:$1,FALSE))),"") -> 2A | J147: =IFERROR(IF(INDEX(Fall!$1:$1048576,MATCH(All!$A147,Fall!$A:$A,FALSE),MATCH(All!J$1,Fall!$1:$1,FALSE))="","",INDEX(Fall!$1:$1048576,MATCH(All!$A147,Fall!$A:$A,FALSE),MATCH(All!J$1,Fall!$1:$1,FALSE))),"") -> 1A | K147: =IFERROR(IF(INDEX(Fall!$1:$1048576,MATCH(All!$A147,Fall!$A:$A,FALSE),MATCH(All!K$1,Fall!$1:$1,FALSE))="","",INDEX(Fall!$1:$1048576,MATCH(All!$A147,Fall!$A:$A,FALSE),MATCH(All!K$1,Fall!$1:$1,FALSE))),"") -> 2A | L147: =IFERROR(IF(INDEX(Fall!$1:$1048576,MATCH(All!$A147,Fall!$A:$A,FALSE),MATCH(All!L$1,Fall!$1:$1,FALSE))="","",INDEX(Fall!$1:$1048576,MATCH(All!$A147,Fall!$A:$A,FALSE),MATCH(All!L$1,Fall!$1:$1,FALSE))),"") -> 1A | M147: =IFERROR(IF(INDEX(Fall!$1:$1048576,MATCH(All!$A147,Fall!$A:$A,FALSE),MATCH(All!M$1,Fall!$1:$1,FALSE))="","",INDEX(Fall!$1:$1048576,MATCH(All!$A147,Fall!$A:$A,FALSE),MATCH(All!M$1,Fall!$1:$1,FALSE))),"") -> 3A | O147: =IFERROR(IF(INDEX(Winter!$1:$1048576,MATCH(All!$A147,Winter!$A:$A,FALSE),MATCH(All!O$1,Winter!$1:$1,FALSE))="","",INDEX(Winter!$1:$1048576,MATCH(All!$A147,Winter!$A:$A,FALSE),MATCH(All!O$1,Winter!$1:$1,FALSE))),"") -> 740.00 (1,221.00) | P147: =IFERROR(IF(INDEX(Winter!$1:$1048576,MATCH(All!$A147,Winter!$A:$A,FALSE),MATCH(All!P$1,Winter!$1:$1,FALSE))="","",INDEX(Winter!$1:$1048576,MATCH(All!$A147,Winter!$A:$A,FALSE),MATCH(All!P$1,Winter!$1:$1,FALSE))),"") -> 3A | Q147: =IFERROR(IF(INDEX(Winter!$1:$1048576,MATCH(All!$A147,Winter!$A:$A,FALSE),MATCH(All!Q$1,Winter!$1:$1,FALSE))="","",INDEX(Winter!$1:$1048576,MATCH(All!$A147,Winter!$A:$A,FALSE),MATCH(All!Q$1,Winter!$1:$1,FALSE))),"") -> 3A | R147: =IFERROR(IF(INDEX(Winter!$1:$1048576,MATCH(All!$A147,Winter!$A:$A,FALSE),MATCH(All!R$1,Winter!$1:$1,FALSE))="","",INDEX(Winter!$1:$1048576,MATCH(All!$A147,Winter!$A:$A,FALSE),MATCH(All!R$1,Winter!$1:$1,FALSE))),"") | S147: =IFERROR(IF(INDEX(Winter!$1:$1048576,MATCH(All!$A147,Winter!$A:$A,FALSE),MATCH(All!S$1,Winter!$1:$1,FALSE))="","",INDEX(Winter!$1:$1048576,MATCH(All!$A147,Winter!$A:$A,FALSE),MATCH(All!S$1,Winter!$1:$1,FALSE))),"") | T147: =IFERROR(IF(INDEX(Winter!$1:$1048576,MATCH(All!$A147,Winter!$A:$A,FALSE),MATCH(All!T$1,Winter!$1:$1,FALSE))="","",INDEX(Winter!$1:$1048576,MATCH(All!$A147,Winter!$A:$A,FALSE),MATCH(All!T$1,Winter!$1:$1,FALSE))),"") | U147: =IFERROR(IF(INDEX(Winter!$1:$1048576,MATCH(All!$A147,Winter!$A:$A,FALSE),MATCH(All!U$1,Winter!$1:$1,FALSE))="","",INDEX(Winter!$1:$1048576,MATCH(All!$A147,Winter!$A:$A,FALSE),MATCH(All!U$1,Winter!$1:$1,FALSE))),"") -> 2A | W147: =IFERROR(IF(INDEX(Spring!$1:$1048576,MATCH(All!$A147,Spring!$A:$A,FALSE),MATCH(All!W$1,Spring!$1:$1,FALSE))="","",INDEX(Spring!$1:$1048576,MATCH(All!$A147,Spring!$A:$A,FALSE),MATCH(All!W$1,Spring!$1:$1,FALSE))),"") -> 740.00 (1,221.00) | X147: =IFERROR(IF(INDEX(Spring!$1:$1048576,MATCH(All!$A147,Spring!$A:$A,FALSE),MATCH(All!X$1,Spring!$1:$1,FALSE))="","",INDEX(Spring!$1:$1048576,MATCH(All!$A147,Spring!$A:$A,FALSE),MATCH(All!X$1,Spring!$1:$1,FALSE))),"") -> 3A | Y147: =IFERROR(IF(INDEX(Spring!$1:$1048576,MATCH(All!$A147,Spring!$A:$A,FALSE),MATCH(All!Y$1,Spring!$1:$1,FALSE))="","",INDEX(Spring!$1:$1048576,MATCH(All!$A147,Spring!$A:$A,FALSE),MATCH(All!Y$1,Spring!$1:$1,FALSE))),"") -> 3A | Z147: =IFERROR(IF(INDEX(Spring!$1:$1048576,MATCH(All!$A147,Spring!$A:$A,FALSE),MATCH(All!Z$1,Spring!$1:$1,FALSE))="","",INDEX(Spring!$1:$1048576,MATCH(All!$A147,Spring!$A:$A,FALSE),MATCH(All!Z$1,Spring!$1:$1,FALSE))),"") -> 2A | AA147: =IFERROR(IF(INDEX(Spring!$1:$1048576,MATCH(All!$A147,Spring!$A:$A,FALSE),MATCH(All!AA$1,Spring!$1:$1,FALSE))="","",INDEX(Spring!$1:$1048576,MATCH(All!$A147,Spring!$A:$A,FALSE),MATCH(All!AA$1,Spring!$1:$1,FALSE))),"") -> 1A | AB147: =IFERROR(IF(INDEX(Spring!$1:$1048576,MATCH(All!$A147,Spring!$A:$A,FALSE),MATCH(All!AB$1,Spring!$1:$1,FALSE))="","",INDEX(Spring!$1:$1048576,MATCH(All!$A147,Spring!$A:$A,FALSE),MATCH(All!AB$1,Spring!$1:$1,FALSE))),"") -> 2A | AC147: =IFERROR(IF(INDEX(Spring!$1:$1048576,MATCH(All!$A147,Spring!$A:$A,FALSE),MATCH(All!AC$1,Spring!$1:$1,FALSE))="","",INDEX(Spring!$1:$1048576,MATCH(All!$A147,Spring!$A:$A,FALSE),MATCH(All!AC$1,Spring!$1:$1,FALSE))),"") -> 2A | AD147: =IFERROR(VLOOKUP(A147,'Flag Football'!A:A,1,FALSE),"") -> Chicago (De La Salle) | AE147: =IF(AD147="","","1A") -> 1A
A148: Chicago (DePaul College Prep) | B148: =IFERROR(VLOOKUP(A148,'Public v Private'!A:G,3,FALSE),"") -> private | C148: =IFERROR(VLOOKUP(A148,'Public v Private'!A:G,4,FALSE),"") -> 1 | D148: =IFERROR(VLOOKUP(A148,'Public v Private'!A:G,5,FALSE),"") -> 1 | F148: =IFERROR(INDEX(Fall!$1:$1048576,MATCH(All!$A148,Fall!$A:$A,FALSE),MATCH(All!F$1,Fall!$1:$1,FALSE)),"N/A") -> 1,342.00 (2,214.30) | G148: =IFERROR(IF(INDEX(Fall!$1:$1048576,MATCH(All!$A148,Fall!$A:$A,FALSE),MATCH(All!G$1,Fall!$1:$1,FALSE))="","",INDEX(Fall!$1:$1048576,MATCH(All!$A148,Fall!$A:$A,FALSE),MATCH(All!G$1,Fall!$1:$1,FALSE))),"") -> 3A | H148: =IFERROR(IF(INDEX(Fall!$1:$1048576,MATCH(All!$A148,Fall!$A:$A,FALSE),MATCH(All!H$1,Fall!$1:$1,FALSE))="","",INDEX(Fall!$1:$1048576,MATCH(All!$A148,Fall!$A:$A,FALSE),MATCH(All!H$1,Fall!$1:$1,FALSE))),"") -> 3A | I148: =IFERROR(IF(INDEX(Fall!$1:$1048576,MATCH(All!$A148,Fall!$A:$A,FALSE),MATCH(All!I$1,Fall!$1:$1,FALSE))="","",INDEX(Fall!$1:$1048576,MATCH(All!$A148,Fall!$A:$A,FALSE),MATCH(All!I$1,Fall!$1:$1,FALSE))),"") -> 2A | J148: =IFERROR(IF(INDEX(Fall!$1:$1048576,MATCH(All!$A148,Fall!$A:$A,FALSE),MATCH(All!J$1,Fall!$1:$1,FALSE))="","",INDEX(Fall!$1:$1048576,MATCH(All!$A148,Fall!$A:$A,FALSE),MATCH(All!J$1,Fall!$1:$1,FALSE))),"") -> 2A | K148: =IFERROR(IF(INDEX(Fall!$1:$1048576,MATCH(All!$A148,Fall!$A:$A,FALSE),MATCH(All!K$1,Fall!$1:$1,FALSE))="","",INDEX(Fall!$1:$1048576,MATCH(All!$A148,Fall!$A:$A,FALSE),MATCH(All!K$1,Fall!$1:$1,FALSE))),"") -> 3A | L148: =IFERROR(IF(INDEX(Fall!$1:$1048576,MATCH(All!$A148,Fall!$A:$A,FALSE),MATCH(All!L$1,Fall!$1:$1,FALSE))="","",INDEX(Fall!$1:$1048576,MATCH(All!$A148,Fall!$A:$A,FALSE),MATCH(All!L$1,Fall!$1:$1,FALSE))),"") -> 2A | M148: =IFERROR(IF(INDEX(Fall!$1:$1048576,MATCH(All!$A148,Fall!$A:$A,FALSE),MATCH(All!M$1,Fall!$1:$1,FALSE))="","",INDEX(Fall!$1:$1048576,MATCH(All!$A148,Fall!$A:$A,FALSE),MATCH(All!M$1,Fall!$1:$1,FALSE))),"") -> 4A | O148: =IFERROR(IF(INDEX(Winter!$1:$1048576,MATCH(All!$A148,Winter!$A:$A,FALSE),MATCH(All!O$1,Winter!$1:$1,FALSE))="","",INDEX(Winter!$1:$1048576,MATCH(All!$A148,Winter!$A:$A,FALSE),MATCH(All!O$1,Winter!$1:$1,FALSE))),"") -> 1,342.00 (2,214.30) | P148: =IFERROR(IF(INDEX(Winter!$1:$1048576,MATCH(All!$A148,Winter!$A:$A,FALSE),MATCH(All!P$1,Winter!$1:$1,FALSE))="","",INDEX(Winter!$1:$1048576,MATCH(All!$A148,Winter!$A:$A,FALSE),MATCH(All!P$1,Winter!$1:$1,FALSE))),"") -> 4A | Q148: =IFERROR(IF(INDEX(Winter!$1:$1048576,MATCH(All!$A148,Winter!$A:$A,FALSE),MATCH(All!Q$1,Winter!$1:$1,FALSE))="","",INDEX(Winter!$1:$1048576,MATCH(All!$A148,Winter!$A:$A,FALSE),MATCH(All!Q$1,Winter!$1:$1,FALSE))),"") -> 4A | R148: =IFERROR(IF(INDEX(Winter!$1:$1048576,MATCH(All!$A148,Winter!$A:$A,FALSE),MATCH(All!R$1,Winter!$1:$1,FALSE))="","",INDEX(Winter!$1:$1048576,MATCH(All!$A148,Winter!$A:$A,FALSE),MATCH(All!R$1,Winter!$1:$1,FALSE))),"") -> 2A | S148: =IFERROR(IF(INDEX(Winter!$1:$1048576,MATCH(All!$A148,Winter!$A:$A,FALSE),MATCH(All!S$1,Winter!$1:$1,FALSE))="","",INDEX(Winter!$1:$1048576,MATCH(All!$A148,Winter!$A:$A,FALSE),MATCH(All!S$1,Winter!$1:$1,FALSE))),"") | T148: =IFERROR(IF(INDEX(Winter!$1:$1048576,MATCH(All!$A148,Winter!$A:$A,FALSE),MATCH(All!T$1,Winter!$1:$1,FALSE))="","",INDEX(Winter!$1:$1048576,MATCH(All!$A148,Winter!$A:$A,FALSE),MATCH(All!T$1,Winter!$1:$1,FALSE))),"") -> 2A | U148: =IFERROR(IF(INDEX(Winter!$1:$1048576,MATCH(All!$A148,Winter!$A:$A,FALSE),MATCH(All!U$1,Winter!$1:$1,FALSE))="","",INDEX(Winter!$1:$1048576,MATCH(All!$A148,Winter!$A:$A,FALSE),MATCH(All!U$1,Winter!$1:$1,FALSE))),"") -> 2A | W148: =IFERROR(IF(INDEX(Spring!$1:$1048576,MATCH(All!$A148,Spring!$A:$A,FALSE),MATCH(All!W$1,Spring!$1:$1,FALSE))="","",INDEX(Spring!$1:$1048576,MATCH(All!$A148,Spring!$A:$A,FALSE),MATCH(All!W$1,Spring!$1:$1,FALSE))),"") -> 1,342.00 (2,214.30) | X148: =IFERROR(IF(INDEX(Spring!$1:$1048576,MATCH(All!$A148,Spring!$A:$A,FALSE),MATCH(All!X$1,Spring!$1:$1,FALSE))="","",INDEX(Spring!$1:$1048576,MATCH(All!$A148,Spring!$A:$A,FALSE),MATCH(All!X$1,Spring!$1:$1,FALSE))),"") -> 4A | Y148: =IFERROR(IF(INDEX(Spring!$1:$1048576,MATCH(All!$A148,Spring!$A:$A,FALSE),MATCH(All!Y$1,Spring!$1:$1,FALSE))="","",INDEX(Spring!$1:$1048576,MATCH(All!$A148,Spring!$A:$A,FALSE),MATCH(All!Y$1,Spring!$1:$1,FALSE))),"") -> 4A | Z148: =IFERROR(IF(INDEX(Spring!$1:$1048576,MATCH(All!$A148,Spring!$A:$A,FALSE),MATCH(All!Z$1,Spring!$1:$1,FALSE))="","",INDEX(Spring!$1:$1048576,MATCH(All!$A148,Spring!$A:$A,FALSE),MATCH(All!Z$1,Spring!$1:$1,FALSE))),"") -> 3A | AA148: =IFERROR(IF(INDEX(Spring!$1:$1048576,MATCH(All!$A148,Spring!$A:$A,FALSE),MATCH(All!AA$1,Spring!$1:$1,FALSE))="","",INDEX(Spring!$1:$1048576,MATCH(All!$A148,Spring!$A:$A,FALSE),MATCH(All!AA$1,Spring!$1:$1,FALSE))),"") -> 2A | AB148: =IFERROR(IF(INDEX(Spring!$1:$1048576,MATCH(All!$A148,Spring!$A:$A,FALSE),MATCH(All!AB$1,Spring!$1:$1,FALSE))="","",INDEX(Spring!$1:$1048576,MATCH(All!$A148,Spring!$A:$A,FALSE),MATCH(All!AB$1,Spring!$1:$1,FALSE))),"") -> 3A | AC148: =IFERROR(IF(INDEX(Spring!$1:$1048576,MATCH(All!$A148,Spring!$A:$A,FALSE),MATCH(All!AC$1,Spring!$1:$1,FALSE))="","",INDEX(Spring!$1:$1048576,MATCH(All!$A148,Spring!$A:$A,FALSE),MATCH(All!AC$1,Spring!$1:$1,FALSE))),"") -> 3A | AD148: =IFERROR(VLOOKUP(A148,'Flag Football'!A:A,1,FALSE),"") -> Chicago (DePaul College Prep) | AE148: =IF(AD148="","","1A") -> 1A
A149: Chicago (Disney II) | B149: =IFERROR(VLOOKUP(A149,'Public v Private'!A:G,3,FALSE),"") -> no | C149: =IFERROR(VLOOKUP(A149,'Public v Private'!A:G,4,FALSE),"") -> 0 | D149: =IFERROR(VLOOKUP(A149,'Public v Private'!A:G,5,FALSE),"") -> 0 | F149: =IFERROR(INDEX(Fall!$1:$1048576,MATCH(All!$A149,Fall!$A:$A,FALSE),MATCH(All!F$1,Fall!$1:$1,FALSE)),"N/A") -> 571.00 (942.15) | G149: =IFERROR(IF(INDEX(Fall!$1:$1048576,MATCH(All!$A149,Fall!$A:$A,FALSE),MATCH(All!G$1,Fall!$1:$1,FALSE))="","",INDEX(Fall!$1:$1048576,MATCH(All!$A149,Fall!$A:$A,FALSE),MATCH(All!G$1,Fall!$1:$1,FALSE))),"") | H149: =IFERROR(IF(INDEX(Fall!$1:$1048576,MATCH(All!$A149,Fall!$A:$A,FALSE),MATCH(All!H$1,Fall!$1:$1,FALSE))="","",INDEX(Fall!$1:$1048576,MATCH(All!$A149,Fall!$A:$A,FALSE),MATCH(All!H$1,Fall!$1:$1,FALSE))),"") | I149: =IFERROR(IF(INDEX(Fall!$1:$1048576,MATCH(All!$A149,Fall!$A:$A,FALSE),MATCH(All!I$1,Fall!$1:$1,FALSE))="","",INDEX(Fall!$1:$1048576,MATCH(All!$A149,Fall!$A:$A,FALSE),MATCH(All!I$1,Fall!$1:$1,FALSE))),"") | J149: =IFERROR(IF(INDEX(Fall!$1:$1048576,MATCH(All!$A149,Fall!$A:$A,FALSE),MATCH(All!J$1,Fall!$1:$1,FALSE))="","",INDEX(Fall!$1:$1048576,MATCH(All!$A149,Fall!$A:$A,FALSE),MATCH(All!J$1,Fall!$1:$1,FALSE))),"") | K149: =IFERROR(IF(INDEX(Fall!$1:$1048576,MATCH(All!$A149,Fall!$A:$A,FALSE),MATCH(All!K$1,Fall!$1:$1,FALSE))="","",INDEX(Fall!$1:$1048576,MATCH(All!$A149,Fall!$A:$A,FALSE),MATCH(All!K$1,Fall!$1:$1,FALSE))),"") -> 2A | L149: =IFERROR(IF(INDEX(Fall!$1:$1048576,MATCH(All!$A149,Fall!$A:$A,FALSE),MATCH(All!L$1,Fall!$1:$1,FALSE))="","",INDEX(Fall!$1:$1048576,MATCH(All!$A149,Fall!$A:$A,FALSE),MATCH(All!L$1,Fall!$1:$1,FALSE))),"") | M149: =IFERROR(IF(INDEX(Fall!$1:$1048576,MATCH(All!$A149,Fall!$A:$A,FALSE),MATCH(All!M$1,Fall!$1:$1,FALSE))="","",INDEX(Fall!$1:$1048576,MATCH(All!$A149,Fall!$A:$A,FALSE),MATCH(All!M$1,Fall!$1:$1,FALSE))),"") -> 3A | O149: =IFERROR(IF(INDEX(Winter!$1:$1048576,MATCH(All!$A149,Winter!$A:$A,FALSE),MATCH(All!O$1,Winter!$1:$1,FALSE))="","",INDEX(Winter!$1:$1048576,MATCH(All!$A149,Winter!$A:$A,FALSE),MATCH(All!O$1,Winter!$1:$1,FALSE))),"") -> 571.00 (942.15) | P149: =IFERROR(IF(INDEX(Winter!$1:$1048576,MATCH(All!$A149,Winter!$A:$A,FALSE),MATCH(All!P$1,Winter!$1:$1,FALSE))="","",INDEX(Winter!$1:$1048576,MATCH(All!$A149,Winter!$A:$A,FALSE),MATCH(All!P$1,Winter!$1:$1,FALSE))),"") -> 3A | Q149: =IFERROR(IF(INDEX(Winter!$1:$1048576,MATCH(All!$A149,Winter!$A:$A,FALSE),MATCH(All!Q$1,Winter!$1:$1,FALSE))="","",INDEX(Winter!$1:$1048576,MATCH(All!$A149,Winter!$A:$A,FALSE),MATCH(All!Q$1,Winter!$1:$1,FALSE))),"") -> 3A | R149: =IFERROR(IF(INDEX(Winter!$1:$1048576,MATCH(All!$A149,Winter!$A:$A,FALSE),MATCH(All!R$1,Winter!$1:$1,FALSE))="","",INDEX(Winter!$1:$1048576,MATCH(All!$A149,Winter!$A:$A,FALSE),MATCH(All!R$1,Winter!$1:$1,FALSE))),"") | S149: =IFERROR(IF(INDEX(Winter!$1:$1048576,MATCH(All!$A149,Winter!$A:$A,FALSE),MATCH(All!S$1,Winter!$1:$1,FALSE))="","",INDEX(Winter!$1:$1048576,MATCH(All!$A149,Winter!$A:$A,FALSE),MATCH(All!S$1,Winter!$1:$1,FALSE))),"") | T149: =IFERROR(IF(INDEX(Winter!$1:$1048576,MATCH(All!$A149,Winter!$A:$A,FALSE),MATCH(All!T$1,Winter!$1:$1,FALSE))="","",INDEX(Winter!$1:$1048576,MATCH(All!$A149,Winter!$A:$A,FALSE),MATCH(All!T$1,Winter!$1:$1,FALSE))),"") | U149: =IFERROR(IF(INDEX(Winter!$1:$1048576,MATCH(All!$A149,Winter!$A:$A,FALSE),MATCH(All!U$1,Winter!$1:$1,FALSE))="","",INDEX(Winter!$1:$1048576,MATCH(All!$A149,Winter!$A:$A,FALSE),MATCH(All!U$1,Winter!$1:$1,FALSE))),"") | W149: =IFERROR(IF(INDEX(Spring!$1:$1048576,MATCH(All!$A149,Spring!$A:$A,FALSE),MATCH(All!W$1,Spring!$1:$1,FALSE))="","",INDEX(Spring!$1:$1048576,MATCH(All!$A149,Spring!$A:$A,FALSE),MATCH(All!W$1,Spring!$1:$1,FALSE))),"") -> 571.00 (942.15) | X149: =IFERROR(IF(INDEX(Spring!$1:$1048576,MATCH(All!$A149,Spring!$A:$A,FALSE),MATCH(All!X$1,Spring!$1:$1,FALSE))="","",INDEX(Spring!$1:$1048576,MATCH(All!$A149,Spring!$A:$A,FALSE),MATCH(All!X$1,Spring!$1:$1,FALSE))),"") -> 3A | Y149: =IFERROR(IF(INDEX(Spring!$1:$1048576,MATCH(All!$A149,Spring!$A:$A,FALSE),MATCH(All!Y$1,Spring!$1:$1,FALSE))="","",INDEX(Spring!$1:$1048576,MATCH(All!$A149,Spring!$A:$A,FALSE),MATCH(All!Y$1,Spring!$1:$1,FALSE))),"") -> 3A | Z149: =IFERROR(IF(INDEX(Spring!$1:$1048576,MATCH(All!$A149,Spring!$A:$A,FALSE),MATCH(All!Z$1,Spring!$1:$1,FALSE))="","",INDEX(Spring!$1:$1048576,MATCH(All!$A149,Spring!$A:$A,FALSE),MATCH(All!Z$1,Spring!$1:$1,FALSE))),"") -> 2A | AA149: =IFERROR(IF(INDEX(Spring!$1:$1048576,MATCH(All!$A149,Spring!$A:$A,FALSE),MATCH(All!AA$1,Spring!$1:$1,FALSE))="","",INDEX(Spring!$1:$1048576,MATCH(All!$A149,Spring!$A:$A,FALSE),MATCH(All!AA$1,Spring!$1:$1,FALSE))),"") | AB149: =IFERROR(IF(INDEX(Spring!$1:$1048576,MATCH(All!$A149,Spring!$A:$A,FALSE),MATCH(All!AB$1,Spring!$1:$1,FALSE))="","",INDEX(Spring!$1:$1048576,MATCH(All!$A149,Spring!$A:$A,FALSE),MATCH(All!AB$1,Spring!$1:$1,FALSE))),"") -> 2A | AC149: =IFERROR(IF(INDEX(Spring!$1:$1048576,MATCH(All!$A149,Spring!$A:$A,FALSE),MATCH(All!AC$1,Spring!$1:$1,FALSE))="","",INDEX(Spring!$1:$1048576,MATCH(All!$A149,Spring!$A:$A,FALSE),MATCH(All!AC$1,Spring!$1:$1,FALSE))),"") -> 2A | AD149: =IFERROR(VLOOKUP(A149,'Flag Football'!A:A,1,FALSE),"") -> Chicago (Disney II) | AE149: =IF(AD149="","","1A") -> 1A
A150: Chicago (Dunbar) | B150: =IFERROR(VLOOKUP(A150,'Public v Private'!A:G,3,FALSE),"") -> no | C150: =IFERROR(VLOOKUP(A150,'Public v Private'!A:G,4,FALSE),"") -> 0 | D150: =IFERROR(VLOOKUP(A150,'Public v Private'!A:G,5,FALSE),"") -> 0 | F150: =IFERROR(INDEX(Fall!$1:$1048576,MATCH(All!$A150,Fall!$A:$A,FALSE),MATCH(All!F$1,Fall!$1:$1,FALSE)),"N/A") -> N/A | G150: =IFERROR(IF(INDEX(Fall!$1:$1048576,MATCH(All!$A150,Fall!$A:$A,FALSE),MATCH(All!G$1,Fall!$1:$1,FALSE))="","",INDEX(Fall!$1:$1048576,MATCH(All!$A150,Fall!$A:$A,FALSE),MATCH(All!G$1,Fall!$1:$1,FALSE))),"") | H150: =IFERROR(IF(INDEX(Fall!$1:$1048576,MATCH(All!$A150,Fall!$A:$A,FALSE),MATCH(All!H$1,Fall!$1:$1,FALSE))="","",INDEX(Fall!$1:$1048576,MATCH(All!$A150,Fall!$A:$A,FALSE),MATCH(All!H$1,Fall!$1:$1,FALSE))),"") | I150: =IFERROR(IF(INDEX(Fall!$1:$1048576,MATCH(All!$A150,Fall!$A:$A,FALSE),MATCH(All!I$1,Fall!$1:$1,FALSE))="","",INDEX(Fall!$1:$1048576,MATCH(All!$A150,Fall!$A:$A,FALSE),MATCH(All!I$1,Fall!$1:$1,FALSE))),"") | J150: =IFERROR(IF(INDEX(Fall!$1:$1048576,MATCH(All!$A150,Fall!$A:$A,FALSE),MATCH(All!J$1,Fall!$1:$1,FALSE))="","",INDEX(Fall!$1:$1048576,MATCH(All!$A150,Fall!$A:$A,FALSE),MATCH(All!J$1,Fall!$1:$1,FALSE))),"") | K150: =IFERROR(IF(INDEX(Fall!$1:$1048576,MATCH(All!$A150,Fall!$A:$A,FALSE),MATCH(All!K$1,Fall!$1:$1,FALSE))="","",INDEX(Fall!$1:$1048576,MATCH(All!$A150,Fall!$A:$A,FALSE),MATCH(All!K$1,Fall!$1:$1,FALSE))),"") | L150: =IFERROR(IF(INDEX(Fall!$1:$1048576,MATCH(All!$A150,Fall!$A:$A,FALSE),MATCH(All!L$1,Fall!$1:$1,FALSE))="","",INDEX(Fall!$1:$1048576,MATCH(All!$A150,Fall!$A:$A,FALSE),MATCH(All!L$1,Fall!$1:$1,FALSE))),"") | M150: =IFERROR(IF(INDEX(Fall!$1:$1048576,MATCH(All!$A150,Fall!$A:$A,FALSE),MATCH(All!M$1,Fall!$1:$1,FALSE))="","",INDEX(Fall!$1:$1048576,MATCH(All!$A150,Fall!$A:$A,FALSE),MATCH(All!M$1,Fall!$1:$1,FALSE))),"") | O150: =IFERROR(IF(INDEX(Winter!$1:$1048576,MATCH(All!$A150,Winter!$A:$A,FALSE),MATCH(All!O$1,Winter!$1:$1,FALSE))="","",INDEX(Winter!$1:$1048576,MATCH(All!$A150,Winter!$A:$A,FALSE),MATCH(All!O$1,Winter!$1:$1,FALSE))),"") -> 331.00 (546.15) | P150: =IFERROR(IF(INDEX(Winter!$1:$1048576,MATCH(All!$A150,Winter!$A:$A,FALSE),MATCH(All!P$1,Winter!$1:$1,FALSE))="","",INDEX(Winter!$1:$1048576,MATCH(All!$A150,Winter!$A:$A,FALSE),MATCH(All!P$1,Winter!$1:$1,FALSE))),"") -> 2A | Q150: =IFERROR(IF(INDEX(Winter!$1:$1048576,MATCH(All!$A150,Winter!$A:$A,FALSE),MATCH(All!Q$1,Winter!$1:$1,FALSE))="","",INDEX(Winter!$1:$1048576,MATCH(All!$A150,Winter!$A:$A,FALSE),MATCH(All!Q$1,Winter!$1:$1,FALSE))),"") | R150: =IFERROR(IF(INDEX(Winter!$1:$1048576,MATCH(All!$A150,Winter!$A:$A,FALSE),MATCH(All!R$1,Winter!$1:$1,FALSE))="","",INDEX(Winter!$1:$1048576,MATCH(All!$A150,Winter!$A:$A,FALSE),MATCH(All!R$1,Winter!$1:$1,FALSE))),"") | S150: =IFERROR(IF(INDEX(Winter!$1:$1048576,MATCH(All!$A150,Winter!$A:$A,FALSE),MATCH(All!S$1,Winter!$1:$1,FALSE))="","",INDEX(Winter!$1:$1048576,MATCH(All!$A150,Winter!$A:$A,FALSE),MATCH(All!S$1,Winter!$1:$1,FALSE))),"") | T150: =IFERROR(IF(INDEX(Winter!$1:$1048576,MATCH(All!$A150,Winter!$A:$A,FALSE),MATCH(All!T$1,Winter!$1:$1,FALSE))="","",INDEX(Winter!$1:$1048576,MATCH(All!$A150,Winter!$A:$A,FALSE),MATCH(All!T$1,Winter!$1:$1,FALSE))),"") | U150: =IFERROR(IF(INDEX(Winter!$1:$1048576,MATCH(All!$A150,Winter!$A:$A,FALSE),MATCH(All!U$1,Winter!$1:$1,FALSE))="","",INDEX(Winter!$1:$1048576,MATCH(All!$A150,Winter!$A:$A,FALSE),MATCH(All!U$1,Winter!$1:$1,FALSE))),"") | W150: =IFERROR(IF(INDEX(Spring!$1:$1048576,MATCH(All!$A150,Spring!$A:$A,FALSE),MATCH(All!W$1,Spring!$1:$1,FALSE))="","",INDEX(Spring!$1:$1048576,MATCH(All!$A150,Spring!$A:$A,FALSE),MATCH(All!W$1,Spring!$1:$1,FALSE))),"") | X150: =IFERROR(IF(INDEX(Spring!$1:$1048576,MATCH(All!$A150,Spring!$A:$A,FALSE),MATCH(All!X$1,Spring!$1:$1,FALSE))="","",INDEX(Spring!$1:$1048576,MATCH(All!$A150,Spring!$A:$A,FALSE),MATCH(All!X$1,Spring!$1:$1,FALSE))),"") | Y150: =IFERROR(IF(INDEX(Spring!$1:$1048576,MATCH(All!$A150,Spring!$A:$A,FALSE),MATCH(All!Y$1,Spring!$1:$1,FALSE))="","",INDEX(Spring!$1:$1048576,MATCH(All!$A150,Spring!$A:$A,FALSE),MATCH(All!Y$1,Spring!$1:$1,FALSE))),"") | Z150: =IFERROR(IF(INDEX(Spring!$1:$1048576,MATCH(All!$A150,Spring!$A:$A,FALSE),MATCH(All!Z$1,Spring!$1:$1,FALSE))="","",INDEX(Spring!$1:$1048576,MATCH(All!$A150,Spring!$A:$A,FALSE),MATCH(All!Z$1,Spring!$1:$1,FALSE))),"") | AA150: =IFERROR(IF(INDEX(Spring!$1:$1048576,MATCH(All!$A150,Spring!$A:$A,FALSE),MATCH(All!AA$1,Spring!$1:$1,FALSE))="","",INDEX(Spring!$1:$1048576,MATCH(All!$A150,Spring!$A:$A,FALSE),MATCH(All!AA$1,Spring!$1:$1,FALSE))),"") | AB150: =IFERROR(IF(INDEX(Spring!$1:$1048576,MATCH(All!$A150,Spring!$A:$A,FALSE),MATCH(All!AB$1,Spring!$1:$1,FALSE))="","",INDEX(Spring!$1:$1048576,MATCH(All!$A150,Spring!$A:$A,FALSE),MATCH(All!AB$1,Spring!$1:$1,FALSE))),"") | AC150: =IFERROR(IF(INDEX(Spring!$1:$1048576,MATCH(All!$A150,Spring!$A:$A,FALSE),MATCH(All!AC$1,Spring!$1:$1,FALSE))="","",INDEX(Spring!$1:$1048576,MATCH(All!$A150,Spring!$A:$A,FALSE),MATCH(All!AC$1,Spring!$1:$1,FALSE))),"") | AD150: =IFERROR(VLOOKUP(A150,'Flag Football'!A:A,1,FALSE),"") | AE150: =IF(AD150="","","1A")
A151: Chicago (DuSable) | B151: =IFERROR(VLOOKUP(A151,'Public v Private'!A:G,3,FALSE),"") -> 0 | C151: =IFERROR(VLOOKUP(A151,'Public v Private'!A:G,4,FALSE),"") -> 0 | D151: =IFERROR(VLOOKUP(A151,'Public v Private'!A:G,5,FALSE),"") -> 0 | F151: =IFERROR(INDEX(Fall!$1:$1048576,MATCH(All!$A151,Fall!$A:$A,FALSE),MATCH(All!F$1,Fall!$1:$1,FALSE)),"N/A") -> N/A | G151: =IFERROR(IF(INDEX(Fall!$1:$1048576,MATCH(All!$A151,Fall!$A:$A,FALSE),MATCH(All!G$1,Fall!$1:$1,FALSE))="","",INDEX(Fall!$1:$1048576,MATCH(All!$A151,Fall!$A:$A,FALSE),MATCH(All!G$1,Fall!$1:$1,FALSE))),"") | H151: =IFERROR(IF(INDEX(Fall!$1:$1048576,MATCH(All!$A151,Fall!$A:$A,FALSE),MATCH(All!H$1,Fall!$1:$1,FALSE))="","",INDEX(Fall!$1:$1048576,MATCH(All!$A151,Fall!$A:$A,FALSE),MATCH(All!H$1,Fall!$1:$1,FALSE))),"") | I151: =IFERROR(IF(INDEX(Fall!$1:$1048576,MATCH(All!$A151,Fall!$A:$A,FALSE),MATCH(All!I$1,Fall!$1:$1,FALSE))="","",INDEX(Fall!$1:$1048576,MATCH(All!$A151,Fall!$A:$A,FALSE),MATCH(All!I$1,Fall!$1:$1,FALSE))),"") | J151: =IFERROR(IF(INDEX(Fall!$1:$1048576,MATCH(All!$A151,Fall!$A:$A,FALSE),MATCH(All!J$1,Fall!$1:$1,FALSE))="","",INDEX(Fall!$1:$1048576,MATCH(All!$A151,Fall!$A:$A,FALSE),MATCH(All!J$1,Fall!$1:$1,FALSE))),"") | K151: =IFERROR(IF(INDEX(Fall!$1:$1048576,MATCH(All!$A151,Fall!$A:$A,FALSE),MATCH(All!K$1,Fall!$1:$1,FALSE))="","",INDEX(Fall!$1:$1048576,MATCH(All!$A151,Fall!$A:$A,FALSE),MATCH(All!K$1,Fall!$1:$1,FALSE))),"") | L151: =IFERROR(IF(INDEX(Fall!$1:$1048576,MATCH(All!$A151,Fall!$A:$A,FALSE),MATCH(All!L$1,Fall!$1:$1,FALSE))="","",INDEX(Fall!$1:$1048576,MATCH(All!$A151,Fall!$A:$A,FALSE),MATCH(All!L$1,Fall!$1:$1,FALSE))),"") | M151: =IFERROR(IF(INDEX(Fall!$1:$1048576,MATCH(All!$A151,Fall!$A:$A,FALSE),MATCH(All!M$1,Fall!$1:$1,FALSE))="","",INDEX(Fall!$1:$1048576,MATCH(All!$A151,Fall!$A:$A,FALSE),MATCH(All!M$1,Fall!$1:$1,FALSE))),"") | O151: =IFERROR(IF(INDEX(Winter!$1:$1048576,MATCH(All!$A151,Winter!$A:$A,FALSE),MATCH(All!O$1,Winter!$1:$1,FALSE))="","",INDEX(Winter!$1:$1048576,MATCH(All!$A151,Winter!$A:$A,FALSE),MATCH(All!O$1,Winter!$1:$1,FALSE))),"") -> 192 | P151: =IFERROR(IF(INDEX(Winter!$1:$1048576,MATCH(All!$A151,Winter!$A:$A,FALSE),MATCH(All!P$1,Winter!$1:$1,FALSE))="","",INDEX(Winter!$1:$1048576,MATCH(All!$A151,Winter!$A:$A,FALSE),MATCH(All!P$1,Winter!$1:$1,FALSE))),"") -> 1A | Q151: =IFERROR(IF(INDEX(Winter!$1:$1048576,MATCH(All!$A151,Winter!$A:$A,FALSE),MATCH(All!Q$1,Winter!$1:$1,FALSE))="","",INDEX(Winter!$1:$1048576,MATCH(All!$A151,Winter!$A:$A,FALSE),MATCH(All!Q$1,Winter!$1:$1,FALSE))),"") | R151: =IFERROR(IF(INDEX(Winter!$1:$1048576,MATCH(All!$A151,Winter!$A:$A,FALSE),MATCH(All!R$1,Winter!$1:$1,FALSE))="","",INDEX(Winter!$1:$1048576,MATCH(All!$A151,Winter!$A:$A,FALSE),MATCH(All!R$1,Winter!$1:$1,FALSE))),"") | S151: =IFERROR(IF(INDEX(Winter!$1:$1048576,MATCH(All!$A151,Winter!$A:$A,FALSE),MATCH(All!S$1,Winter!$1:$1,FALSE))="","",INDEX(Winter!$1:$1048576,MATCH(All!$A151,Winter!$A:$A,FALSE),MATCH(All!S$1,Winter!$1:$1,FALSE))),"") -> 1A | T151: =IFERROR(IF(INDEX(Winter!$1:$1048576,MATCH(All!$A151,Winter!$A:$A,FALSE),MATCH(All!T$1,Winter!$1:$1,FALSE))="","",INDEX(Winter!$1:$1048576,MATCH(All!$A151,Winter!$A:$A,FALSE),MATCH(All!T$1,Winter!$1:$1,FALSE))),"") | U151: =IFERROR(IF(INDEX(Winter!$1:$1048576,MATCH(All!$A151,Winter!$A:$A,FALSE),MATCH(All!U$1,Winter!$1:$1,FALSE))="","",INDEX(Winter!$1:$1048576,MATCH(All!$A151,Winter!$A:$A,FALSE),MATCH(All!U$1,Winter!$1:$1,FALSE))),"") -> 1A | W151: =IFERROR(IF(INDEX(Spring!$1:$1048576,MATCH(All!$A151,Spring!$A:$A,FALSE),MATCH(All!W$1,Spring!$1:$1,FALSE))="","",INDEX(Spring!$1:$1048576,MATCH(All!$A151,Spring!$A:$A,FALSE),MATCH(All!W$1,Spring!$1:$1,FALSE))),"") -> 192 | X151: =IFERROR(IF(INDEX(Spring!$1:$1048576,MATCH(All!$A151,Spring!$A:$A,FALSE),MATCH(All!X$1,Spring!$1:$1,FALSE))="","",INDEX(Spring!$1:$1048576,MATCH(All!$A151,Spring!$A:$A,FALSE),MATCH(All!X$1,Spring!$1:$1,FALSE))),"") | Y151: =IFERROR(IF(INDEX(Spring!$1:$1048576,MATCH(All!$A151,Spring!$A:$A,FALSE),MATCH(All!Y$1,Spring!$1:$1,FALSE))="","",INDEX(Spring!$1:$1048576,MATCH(All!$A151,Spring!$A:$A,FALSE),MATCH(All!Y$1,Spring!$1:$1,FALSE))),"") | Z151: =IFERROR(IF(INDEX(Spring!$1:$1048576,MATCH(All!$A151,Spring!$A:$A,FALSE),MATCH(All!Z$1,Spring!$1:$1,FALSE))="","",INDEX(Spring!$1:$1048576,MATCH(All!$A151,Spring!$A:$A,FALSE),MATCH(All!Z$1,Spring!$1:$1,FALSE))),"") | AA151: =IFERROR(IF(INDEX(Spring!$1:$1048576,MATCH(All!$A151,Spring!$A:$A,FALSE),MATCH(All!AA$1,Spring!$1:$1,FALSE))="","",INDEX(Spring!$1:$1048576,MATCH(All!$A151,Spring!$A:$A,FALSE),MATCH(All!AA$1,Spring!$1:$1,FALSE))),"") | AB151: =IFERROR(IF(INDEX(Spring!$1:$1048576,MATCH(All!$A151,Spring!$A:$A,FALSE),MATCH(All!AB$1,Spring!$1:$1,FALSE))="","",INDEX(Spring!$1:$1048576,MATCH(All!$A151,Spring!$A:$A,FALSE),MATCH(All!AB$1,Spring!$1:$1,FALSE))),"") -> 1A | AC151: =IFERROR(IF(INDEX(Spring!$1:$1048576,MATCH(All!$A151,Spring!$A:$A,FALSE),MATCH(All!AC$1,Spring!$1:$1,FALSE))="","",INDEX(Spring!$1:$1048576,MATCH(All!$A151,Spring!$A:$A,FALSE),MATCH(All!AC$1,Spring!$1:$1,FALSE))),"") -> 1A | AD151: =IFERROR(VLOOKUP(A151,'Flag Football'!A:A,1,FALSE),"") | AE151: =IF(AD151="","","1A")
A152: Chicago (Dyett) | B152: =IFERROR(VLOOKUP(A152,'Public v Private'!A:G,3,FALSE),"") -> 0 | C152: =IFERROR(VLOOKUP(A152,'Public v Private'!A:G,4,FALSE),"") -> 0 | D152: =IFERROR(VLOOKUP(A152,'Public v Private'!A:G,5,FALSE),"") -> 0 | F152: =IFERROR(INDEX(Fall!$1:$1048576,MATCH(All!$A152,Fall!$A:$A,FALSE),MATCH(All!F$1,Fall!$1:$1,FALSE)),"N/A") -> 508 | G152: =IFERROR(IF(INDEX(Fall!$1:$1048576,MATCH(All!$A152,Fall!$A:$A,FALSE),MATCH(All!G$1,Fall!$1:$1,FALSE))="","",INDEX(Fall!$1:$1048576,MATCH(All!$A152,Fall!$A:$A,FALSE),MATCH(All!G$1,Fall!$1:$1,FALSE))),"") | H152: =IFERROR(IF(INDEX(Fall!$1:$1048576,MATCH(All!$A152,Fall!$A:$A,FALSE),MATCH(All!H$1,Fall!$1:$1,FALSE))="","",INDEX(Fall!$1:$1048576,MATCH(All!$A152,Fall!$A:$A,FALSE),MATCH(All!H$1,Fall!$1:$1,FALSE))),"") | I152: =IFERROR(IF(INDEX(Fall!$1:$1048576,MATCH(All!$A152,Fall!$A:$A,FALSE),MATCH(All!I$1,Fall!$1:$1,FALSE))="","",INDEX(Fall!$1:$1048576,MATCH(All!$A152,Fall!$A:$A,FALSE),MATCH(All!I$1,Fall!$1:$1,FALSE))),"") | J152: =IFERROR(IF(INDEX(Fall!$1:$1048576,MATCH(All!$A152,Fall!$A:$A,FALSE),MATCH(All!J$1,Fall!$1:$1,FALSE))="","",INDEX(Fall!$1:$1048576,MATCH(All!$A152,Fall!$A:$A,FALSE),MATCH(All!J$1,Fall!$1:$1,FALSE))),"") | K152: =IFERROR(IF(INDEX(Fall!$1:$1048576,MATCH(All!$A152,Fall!$A:$A,FALSE),MATCH(All!K$1,Fall!$1:$1,FALSE))="","",INDEX(Fall!$1:$1048576,MATCH(All!$A152,Fall!$A:$A,FALSE),MATCH(All!K$1,Fall!$1:$1,FALSE))),"") | L152: =IFERROR(IF(INDEX(Fall!$1:$1048576,MATCH(All!$A152,Fall!$A:$A,FALSE),MATCH(All!L$1,Fall!$1:$1,FALSE))="","",INDEX(Fall!$1:$1048576,MATCH(All!$A152,Fall!$A:$A,FALSE),MATCH(All!L$1,Fall!$1:$1,FALSE))),"") | M152: =IFERROR(IF(INDEX(Fall!$1:$1048576,MATCH(All!$A152,Fall!$A:$A,FALSE),MATCH(All!M$1,Fall!$1:$1,FALSE))="","",INDEX(Fall!$1:$1048576,MATCH(All!$A152,Fall!$A:$A,FALSE),MATCH(All!M$1,Fall!$1:$1,FALSE))),"") -> 2A | O152: =IFERROR(IF(INDEX(Winter!$1:$1048576,MATCH(All!$A152,Winter!$A:$A,FALSE),MATCH(All!O$1,Winter!$1:$1,FALSE))="","",INDEX(Winter!$1:$1048576,MATCH(All!$A152,Winter!$A:$A,FALSE),MATCH(All!O$1,Winter!$1:$1,FALSE))),"") -> 508 | P152: =IFERROR(IF(INDEX(Winter!$1:$1048576,MATCH(All!$A152,Winter!$A:$A,FALSE),MATCH(All!P$1,Winter!$1:$1,FALSE))="","",INDEX(Winter!$1:$1048576,MATCH(All!$A152,Winter!$A:$A,FALSE),MATCH(All!P$1,Winter!$1:$1,FALSE))),"") -> 2A | Q152: =IFERROR(IF(INDEX(Winter!$1:$1048576,MATCH(All!$A152,Winter!$A:$A,FALSE),MATCH(All!Q$1,Winter!$1:$1,FALSE))="","",INDEX(Winter!$1:$1048576,MATCH(All!$A152,Winter!$A:$A,FALSE),MATCH(All!Q$1,Winter!$1:$1,FALSE))),"") -> 2A | R152: =IFERROR(IF(INDEX(Winter!$1:$1048576,MATCH(All!$A152,Winter!$A:$A,FALSE),MATCH(All!R$1,Winter!$1:$1,FALSE))="","",INDEX(Winter!$1:$1048576,MATCH(All!$A152,Winter!$A:$A,FALSE),MATCH(All!R$1,Winter!$1:$1,FALSE))),"") | S152: =IFERROR(IF(INDEX(Winter!$1:$1048576,MATCH(All!$A152,Winter!$A:$A,FALSE),MATCH(All!S$1,Winter!$1:$1,FALSE))="","",INDEX(Winter!$1:$1048576,MATCH(All!$A152,Winter!$A:$A,FALSE),MATCH(All!S$1,Winter!$1:$1,FALSE))),"") -> 1A | T152: =IFERROR(IF(INDEX(Winter!$1:$1048576,MATCH(All!$A152,Winter!$A:$A,FALSE),MATCH(All!T$1,Winter!$1:$1,FALSE))="","",INDEX(Winter!$1:$1048576,MATCH(All!$A152,Winter!$A:$A,FALSE),MATCH(All!T$1,Winter!$1:$1,FALSE))),"") | U152: =IFERROR(IF(INDEX(Winter!$1:$1048576,MATCH(All!$A152,Winter!$A:$A,FALSE),MATCH(All!U$1,Winter!$1:$1,FALSE))="","",INDEX(Winter!$1:$1048576,MATCH(All!$A152,Winter!$A:$A,FALSE),MATCH(All!U$1,Winter!$1:$1,FALSE))),"") -> 1A | W152: =IFERROR(IF(INDEX(Spring!$1:$1048576,MATCH(All!$A152,Spring!$A:$A,FALSE),MATCH(All!W$1,Spring!$1:$1,FALSE))="","",INDEX(Spring!$1:$1048576,MATCH(All!$A152,Spring!$A:$A,FALSE),MATCH(All!W$1,Spring!$1:$1,FALSE))),"") -> 508 | X152: =IFERROR(IF(INDEX(Spring!$1:$1048576,MATCH(All!$A152,Spring!$A:$A,FALSE),MATCH(All!X$1,Spring!$1:$1,FALSE))="","",INDEX(Spring!$1:$1048576,MATCH(All!$A152,Spring!$A:$A,FALSE),MATCH(All!X$1,Spring!$1:$1,FALSE))),"") | Y152: =IFERROR(IF(INDEX(Spring!$1:$1048576,MATCH(All!$A152,Spring!$A:$A,FALSE),MATCH(All!Y$1,Spring!$1:$1,FALSE))="","",INDEX(Spring!$1:$1048576,MATCH(All!$A152,Spring!$A:$A,FALSE),MATCH(All!Y$1,Spring!$1:$1,FALSE))),"") | Z152: =IFERROR(IF(INDEX(Spring!$1:$1048576,MATCH(All!$A152,Spring!$A:$A,FALSE),MATCH(All!Z$1,Spring!$1:$1,FALSE))="","",INDEX(Spring!$1:$1048576,MATCH(All!$A152,Spring!$A:$A,FALSE),MATCH(All!Z$1,Spring!$1:$1,FALSE))),"") | AA152: =IFERROR(IF(INDEX(Spring!$1:$1048576,MATCH(All!$A152,Spring!$A:$A,FALSE),MATCH(All!AA$1,Spring!$1:$1,FALSE))="","",INDEX(Spring!$1:$1048576,MATCH(All!$A152,Spring!$A:$A,FALSE),MATCH(All!AA$1,Spring!$1:$1,FALSE))),"") | AB152: =IFERROR(IF(INDEX(Spring!$1:$1048576,MATCH(All!$A152,Spring!$A:$A,FALSE),MATCH(All!AB$1,Spring!$1:$1,FALSE))="","",INDEX(Spring!$1:$1048576,MATCH(All!$A152,Spring!$A:$A,FALSE),MATCH(All!AB$1,Spring!$1:$1,FALSE))),"") -> 2A | AC152: =IFERROR(IF(INDEX(Spring!$1:$1048576,MATCH(All!$A152,Spring!$A:$A,FALSE),MATCH(All!AC$1,Spring!$1:$1,FALSE))="","",INDEX(Spring!$1:$1048576,MATCH(All!$A152,Spring!$A:$A,FALSE),MATCH(All!AC$1,Spring!$1:$1,FALSE))),"") -> 2A | AD152: =IFERROR(VLOOKUP(A152,'Flag Football'!A:A,1,FALSE),"") | AE152: =IF(AD152="","","1A")
A153: Chicago (Englewood STEM) | B153: =IFERROR(VLOOKUP(A153,'Public v Private'!A:G,3,FALSE),"") -> 0 | C153: =IFERROR(VLOOKUP(A153,'Public v Private'!A:G,4,FALSE),"") -> 0 | D153: =IFERROR(VLOOKUP(A153,'Public v Private'!A:G,5,FALSE),"") -> 0 | F153: =IFERROR(INDEX(Fall!$1:$1048576,MATCH(All!$A153,Fall!$A:$A,FALSE),MATCH(All!F$1,Fall!$1:$1,FALSE)),"N/A") -> 625 | G153: =IFERROR(IF(INDEX(Fall!$1:$1048576,MATCH(All!$A153,Fall!$A:$A,FALSE),MATCH(All!G$1,Fall!$1:$1,FALSE))="","",INDEX(Fall!$1:$1048576,MATCH(All!$A153,Fall!$A:$A,FALSE),MATCH(All!G$1,Fall!$1:$1,FALSE))),"") | H153: =IFERROR(IF(INDEX(Fall!$1:$1048576,MATCH(All!$A153,Fall!$A:$A,FALSE),MATCH(All!H$1,Fall!$1:$1,FALSE))="","",INDEX(Fall!$1:$1048576,MATCH(All!$A153,Fall!$A:$A,FALSE),MATCH(All!H$1,Fall!$1:$1,FALSE))),"") | I153: =IFERROR(IF(INDEX(Fall!$1:$1048576,MATCH(All!$A153,Fall!$A:$A,FALSE),MATCH(All!I$1,Fall!$1:$1,FALSE))="","",INDEX(Fall!$1:$1048576,MATCH(All!$A153,Fall!$A:$A,FALSE),MATCH(All!I$1,Fall!$1:$1,FALSE))),"") | J153: =IFERROR(IF(INDEX(Fall!$1:$1048576,MATCH(All!$A153,Fall!$A:$A,FALSE),MATCH(All!J$1,Fall!$1:$1,FALSE))="","",INDEX(Fall!$1:$1048576,MATCH(All!$A153,Fall!$A:$A,FALSE),MATCH(All!J$1,Fall!$1:$1,FALSE))),"") | K153: =IFERROR(IF(INDEX(Fall!$1:$1048576,MATCH(All!$A153,Fall!$A:$A,FALSE),MATCH(All!K$1,Fall!$1:$1,FALSE))="","",INDEX(Fall!$1:$1048576,MATCH(All!$A153,Fall!$A:$A,FALSE),MATCH(All!K$1,Fall!$1:$1,FALSE))),"") | L153: =IFERROR(IF(INDEX(Fall!$1:$1048576,MATCH(All!$A153,Fall!$A:$A,FALSE),MATCH(All!L$1,Fall!$1:$1,FALSE))="","",INDEX(Fall!$1:$1048576,MATCH(All!$A153,Fall!$A:$A,FALSE),MATCH(All!L$1,Fall!$1:$1,FALSE))),"") | M153: =IFERROR(IF(INDEX(Fall!$1:$1048576,MATCH(All!$A153,Fall!$A:$A,FALSE),MATCH(All!M$1,Fall!$1:$1,FALSE))="","",INDEX(Fall!$1:$1048576,MATCH(All!$A153,Fall!$A:$A,FALSE),MATCH(All!M$1,Fall!$1:$1,FALSE))),"") -> 2A | O153: =IFERROR(IF(INDEX(Winter!$1:$1048576,MATCH(All!$A153,Winter!$A:$A,FALSE),MATCH(All!O$1,Winter!$1:$1,FALSE))="","",INDEX(Winter!$1:$1048576,MATCH(All!$A153,Winter!$A:$A,FALSE),MATCH(All!O$1,Winter!$1:$1,FALSE))),"") -> 625 | P153: =IFERROR(IF(INDEX(Winter!$1:$1048576,MATCH(All!$A153,Winter!$A:$A,FALSE),MATCH(All!P$1,Winter!$1:$1,FALSE))="","",INDEX(Winter!$1:$1048576,MATCH(All!$A153,Winter!$A:$A,FALSE),MATCH(All!P$1,Winter!$1:$1,FALSE))),"") -> 2A | Q153: =IFERROR(IF(INDEX(Winter!$1:$1048576,MATCH(All!$A153,Winter!$A:$A,FALSE),MATCH(All!Q$1,Winter!$1:$1,FALSE))="","",INDEX(Winter!$1:$1048576,MATCH(All!$A153,Winter!$A:$A,FALSE),MATCH(All!Q$1,Winter!$1:$1,FALSE))),"") -> 2A | R153: =IFERROR(IF(INDEX(Winter!$1:$1048576,MATCH(All!$A153,Winter!$A:$A,FALSE),MATCH(All!R$1,Winter!$1:$1,FALSE))="","",INDEX(Winter!$1:$1048576,MATCH(All!$A153,Winter!$A:$A,FALSE),MATCH(All!R$1,Winter!$1:$1,FALSE))),"") | S153: =IFERROR(IF(INDEX(Winter!$1:$1048576,MATCH(All!$A153,Winter!$A:$A,FALSE),MATCH(All!S$1,Winter!$1:$1,FALSE))="","",INDEX(Winter!$1:$1048576,MATCH(All!$A153,Winter!$A:$A,FALSE),MATCH(All!S$1,Winter!$1:$1,FALSE))),"") | T153: =IFERROR(IF(INDEX(Winter!$1:$1048576,MATCH(All!$A153,Winter!$A:$A,FALSE),MATCH(All!T$1,Winter!$1:$1,FALSE))="","",INDEX(Winter!$1:$1048576,MATCH(All!$A153,Winter!$A:$A,FALSE),MATCH(All!T$1,Winter!$1:$1,FALSE))),"") | U153: =IFERROR(IF(INDEX(Winter!$1:$1048576,MATCH(All!$A153,Winter!$A:$A,FALSE),MATCH(All!U$1,Winter!$1:$1,FALSE))="","",INDEX(Winter!$1:$1048576,MATCH(All!$A153,Winter!$A:$A,FALSE),MATCH(All!U$1,Winter!$1:$1,FALSE))),"") -> 1A | W153: =IFERROR(IF(INDEX(Spring!$1:$1048576,MATCH(All!$A153,Spring!$A:$A,FALSE),MATCH(All!W$1,Spring!$1:$1,FALSE))="","",INDEX(Spring!$1:$1048576,MATCH(All!$A153,Spring!$A:$A,FALSE),MATCH(All!W$1,Spring!$1:$1,FALSE))),"") -> 625 | X153: =IFERROR(IF(INDEX(Spring!$1:$1048576,MATCH(All!$A153,Spring!$A:$A,FALSE),MATCH(All!X$1,Spring!$1:$1,FALSE))="","",INDEX(Spring!$1:$1048576,MATCH(All!$A153,Spring!$A:$A,FALSE),MATCH(All!X$1,Spring!$1:$1,FALSE))),"") | Y153: =IFERROR(IF(INDEX(Spring!$1:$1048576,MATCH(All!$A153,Spring!$A:$A,FALSE),MATCH(All!Y$1,Spring!$1:$1,FALSE))="","",INDEX(Spring!$1:$1048576,MATCH(All!$A153,Spring!$A:$A,FALSE),MATCH(All!Y$1,Spring!$1:$1,FALSE))),"") | Z153: =IFERROR(IF(INDEX(Spring!$1:$1048576,MATCH(All!$A153,Spring!$A:$A,FALSE),MATCH(All!Z$1,Spring!$1:$1,FALSE))="","",INDEX(Spring!$1:$1048576,MATCH(All!$A153,Spring!$A:$A,FALSE),MATCH(All!Z$1,Spring!$1:$1,FALSE))),"") -> 1A | AA153: =IFERROR(IF(INDEX(Spring!$1:$1048576,MATCH(All!$A153,Spring!$A:$A,FALSE),MATCH(All!AA$1,Spring!$1:$1,FALSE))="","",INDEX(Spring!$1:$1048576,MATCH(All!$A153,Spring!$A:$A,FALSE),MATCH(All!AA$1,Spring!$1:$1,FALSE))),"") | AB153: =IFERROR(IF(INDEX(Spring!$1:$1048576,MATCH(All!$A153,Spring!$A:$A,FALSE),MATCH(All!AB$1,Spring!$1:$1,FALSE))="","",INDEX(Spring!$1:$1048576,MATCH(All!$A153,Spring!$A:$A,FALSE),MATCH(All!AB$1,Spring!$1:$1,FALSE))),"") -> 2A | AC153: =IFERROR(IF(INDEX(Spring!$1:$1048576,MATCH(All!$A153,Spring!$A:$A,FALSE),MATCH(All!AC$1,Spring!$1:$1,FALSE))="","",INDEX(Spring!$1:$1048576,MATCH(All!$A153,Spring!$A:$A,FALSE),MATCH(All!AC$1,Spring!$1:$1,FALSE))),"") -> 2A | AD153: =IFERROR(VLOOKUP(A153,'Flag Football'!A:A,1,FALSE),"") | AE153: =IF(AD153="","","1A")
A154: Chicago (EPIC Academy Charter) | B154: =IFERROR(VLOOKUP(A154,'Public v Private'!A:G,3,FALSE),"") -> ? | C154: =IFERROR(VLOOKUP(A154,'Public v Private'!A:G,4,FALSE),"") -> 0 | D154: =IFERROR(VLOOKUP(A154,'Public v Private'!A:G,5,FALSE),"") -> 0 | F154: =IFERROR(INDEX(Fall!$1:$1048576,MATCH(All!$A154,Fall!$A:$A,FALSE),MATCH(All!F$1,Fall!$1:$1,FALSE)),"N/A") -> N/A | G154: =IFERROR(IF(INDEX(Fall!$1:$1048576,MATCH(All!$A154,Fall!$A:$A,FALSE),MATCH(All!G$1,Fall!$1:$1,FALSE))="","",INDEX(Fall!$1:$1048576,MATCH(All!$A154,Fall!$A:$A,FALSE),MATCH(All!G$1,Fall!$1:$1,FALSE))),"") | H154: =IFERROR(IF(INDEX(Fall!$1:$1048576,MATCH(All!$A154,Fall!$A:$A,FALSE),MATCH(All!H$1,Fall!$1:$1,FALSE))="","",INDEX(Fall!$1:$1048576,MATCH(All!$A154,Fall!$A:$A,FALSE),MATCH(All!H$1,Fall!$1:$1,FALSE))),"") | I154: =IFERROR(IF(INDEX(Fall!$1:$1048576,MATCH(All!$A154,Fall!$A:$A,FALSE),MATCH(All!I$1,Fall!$1:$1,FALSE))="","",INDEX(Fall!$1:$1048576,MATCH(All!$A154,Fall!$A:$A,FALSE),MATCH(All!I$1,Fall!$1:$1,FALSE))),"") | J154: =IFERROR(IF(INDEX(Fall!$1:$1048576,MATCH(All!$A154,Fall!$A:$A,FALSE),MATCH(All!J$1,Fall!$1:$1,FALSE))="","",INDEX(Fall!$1:$1048576,MATCH(All!$A154,Fall!$A:$A,FALSE),MATCH(All!J$1,Fall!$1:$1,FALSE))),"") | K154: =IFERROR(IF(INDEX(Fall!$1:$1048576,MATCH(All!$A154,Fall!$A:$A,FALSE),MATCH(All!K$1,Fall!$1:$1,FALSE))="","",INDEX(Fall!$1:$1048576,MATCH(All!$A154,Fall!$A:$A,FALSE),MATCH(All!K$1,Fall!$1:$1,FALSE))),"") | L154: =IFERROR(IF(INDEX(Fall!$1:$1048576,MATCH(All!$A154,Fall!$A:$A,FALSE),MATCH(All!L$1,Fall!$1:$1,FALSE))="","",INDEX(Fall!$1:$1048576,MATCH(All!$A154,Fall!$A:$A,FALSE),MATCH(All!L$1,Fall!$1:$1,FALSE))),"") | M154: =IFERROR(IF(INDEX(Fall!$1:$1048576,MATCH(All!$A154,Fall!$A:$A,FALSE),MATCH(All!M$1,Fall!$1:$1,FALSE))="","",INDEX(Fall!$1:$1048576,MATCH(All!$A154,Fall!$A:$A,FALSE),MATCH(All!M$1,Fall!$1:$1,FALSE))),"") | O154: =IFERROR(IF(INDEX(Winter!$1:$1048576,MATCH(All!$A154,Winter!$A:$A,FALSE),MATCH(All!O$1,Winter!$1:$1,FALSE))="","",INDEX(Winter!$1:$1048576,MATCH(All!$A154,Winter!$A:$A,FALSE),MATCH(All!O$1,Winter!$1:$1,FALSE))),"") -> 243.00 (400.95) | P154: =IFERROR(IF(INDEX(Winter!$1:$1048576,MATCH(All!$A154,Winter!$A:$A,FALSE),MATCH(All!P$1,Winter!$1:$1,FALSE))="","",INDEX(Winter!$1:$1048576,MATCH(All!$A154,Winter!$A:$A,FALSE),MATCH(All!P$1,Winter!$1:$1,FALSE))),"") -> 2A | Q154: =IFERROR(IF(INDEX(Winter!$1:$1048576,MATCH(All!$A154,Winter!$A:$A,FALSE),MATCH(All!Q$1,Winter!$1:$1,FALSE))="","",INDEX(Winter!$1:$1048576,MATCH(All!$A154,Winter!$A:$A,FALSE),MATCH(All!Q$1,Winter!$1:$1,FALSE))),"") | R154: =IFERROR(IF(INDEX(Winter!$1:$1048576,MATCH(All!$A154,Winter!$A:$A,FALSE),MATCH(All!R$1,Winter!$1:$1,FALSE))="","",INDEX(Winter!$1:$1048576,MATCH(All!$A154,Winter!$A:$A,FALSE),MATCH(All!R$1,Winter!$1:$1,FALSE))),"") | S154: =IFERROR(IF(INDEX(Winter!$1:$1048576,MATCH(All!$A154,Winter!$A:$A,FALSE),MATCH(All!S$1,Winter!$1:$1,FALSE))="","",INDEX(Winter!$1:$1048576,MATCH(All!$A154,Winter!$A:$A,FALSE),MATCH(All!S$1,Winter!$1:$1,FALSE))),"") | T154: =IFERROR(IF(INDEX(Winter!$1:$1048576,MATCH(All!$A154,Winter!$A:$A,FALSE),MATCH(All!T$1,Winter!$1:$1,FALSE))="","",INDEX(Winter!$1:$1048576,MATCH(All!$A154,Winter!$A:$A,FALSE),MATCH(All!T$1,Winter!$1:$1,FALSE))),"") | U154: =IFERROR(IF(INDEX(Winter!$1:$1048576,MATCH(All!$A154,Winter!$A:$A,FALSE),MATCH(All!U$1,Winter!$1:$1,FALSE))="","",INDEX(Winter!$1:$1048576,MATCH(All!$A154,Winter!$A:$A,FALSE),MATCH(All!U$1,Winter!$1:$1,FALSE))),"") | W154: =IFERROR(IF(INDEX(Spring!$1:$1048576,MATCH(All!$A154,Spring!$A:$A,FALSE),MATCH(All!W$1,Spring!$1:$1,FALSE))="","",INDEX(Spring!$1:$1048576,MATCH(All!$A154,Spring!$A:$A,FALSE),MATCH(All!W$1,Spring!$1:$1,FALSE))),"") | X154: =IFERROR(IF(INDEX(Spring!$1:$1048576,MATCH(All!$A154,Spring!$A:$A,FALSE),MATCH(All!X$1,Spring!$1:$1,FALSE))="","",INDEX(Spring!$1:$1048576,MATCH(All!$A154,Spring!$A:$A,FALSE),MATCH(All!X$1,Spring!$1:$1,FALSE))),"") | Y154: =IFERROR(IF(INDEX(Spring!$1:$1048576,MATCH(All!$A154,Spring!$A:$A,FALSE),MATCH(All!Y$1,Spring!$1:$1,FALSE))="","",INDEX(Spring!$1:$1048576,MATCH(All!$A154,Spring!$A:$A,FALSE),MATCH(All!Y$1,Spring!$1:$1,FALSE))),"") | Z154: =IFERROR(IF(INDEX(Spring!$1:$1048576,MATCH(All!$A154,Spring!$A:$A,FALSE),MATCH(All!Z$1,Spring!$1:$1,FALSE))="","",INDEX(Spring!$1:$1048576,MATCH(All!$A154,Spring!$A:$A,FALSE),MATCH(All!Z$1,Spring!$1:$1,FALSE))),"") | AA154: =IFERROR(IF(INDEX(Spring!$1:$1048576,MATCH(All!$A154,Spring!$A:$A,FALSE),MATCH(All!AA$1,Spring!$1:$1,FALSE))="","",INDEX(Spring!$1:$1048576,MATCH(All!$A154,Spring!$A:$A,FALSE),MATCH(All!AA$1,Spring!$1:$1,FALSE))),"") | AB154: =IFERROR(IF(INDEX(Spring!$1:$1048576,MATCH(All!$A154,Spring!$A:$A,FALSE),MATCH(All!AB$1,Spring!$1:$1,FALSE))="","",INDEX(Spring!$1:$1048576,MATCH(All!$A154,Spring!$A:$A,FALSE),MATCH(All!AB$1,Spring!$1:$1,FALSE))),"") | AC154: =IFERROR(IF(INDEX(Spring!$1:$1048576,MATCH(All!$A154,Spring!$A:$A,FALSE),MATCH(All!AC$1,Spring!$1:$1,FALSE))="","",INDEX(Spring!$1:$1048576,MATCH(All!$A154,Spring!$A:$A,FALSE),MATCH(All!AC$1,Spring!$1:$1,FALSE))),"") | AD154: =IFERROR(VLOOKUP(A154,'Flag Football'!A:A,1,FALSE),"") | AE154: =IF(AD154="","","1A")
A155: Chicago (Excel Academy/Englewood) | B155: =IFERROR(VLOOKUP(A155,'Public v Private'!A:G,3,FALSE),"") -> ? | C155: =IFERROR(VLOOKUP(A155,'Public v Private'!A:G,4,FALSE),"") -> 0 | D155: =IFERROR(VLOOKUP(A155,'Public v Private'!A:G,5,FALSE),"") -> 0 | F155: =IFERROR(INDEX(Fall!$1:$1048576,MATCH(All!$A155,Fall!$A:$A,FALSE),MATCH(All!F$1,Fall!$1:$1,FALSE)),"N/A") -> N/A | G155: =IFERROR(IF(INDEX(Fall!$1:$1048576,MATCH(All!$A155,Fall!$A:$A,FALSE),MATCH(All!G$1,Fall!$1:$1,FALSE))="","",INDEX(Fall!$1:$1048576,MATCH(All!$A155,Fall!$A:$A,FALSE),MATCH(All!G$1,Fall!$1:$1,FALSE))),"") | H155: =IFERROR(IF(INDEX(Fall!$1:$1048576,MATCH(All!$A155,Fall!$A:$A,FALSE),MATCH(All!H$1,Fall!$1:$1,FALSE))="","",INDEX(Fall!$1:$1048576,MATCH(All!$A155,Fall!$A:$A,FALSE),MATCH(All!H$1,Fall!$1:$1,FALSE))),"") | I155: =IFERROR(IF(INDEX(Fall!$1:$1048576,MATCH(All!$A155,Fall!$A:$A,FALSE),MATCH(All!I$1,Fall!$1:$1,FALSE))="","",INDEX(Fall!$1:$1048576,MATCH(All!$A155,Fall!$A:$A,FALSE),MATCH(All!I$1,Fall!$1:$1,FALSE))),"") | J155: =IFERROR(IF(INDEX(Fall!$1:$1048576,MATCH(All!$A155,Fall!$A:$A,FALSE),MATCH(All!J$1,Fall!$1:$1,FALSE))="","",INDEX(Fall!$1:$1048576,MATCH(All!$A155,Fall!$A:$A,FALSE),MATCH(All!J$1,Fall!$1:$1,FALSE))),"") | K155: =IFERROR(IF(INDEX(Fall!$1:$1048576,MATCH(All!$A155,Fall!$A:$A,FALSE),MATCH(All!K$1,Fall!$1:$1,FALSE))="","",INDEX(Fall!$1:$1048576,MATCH(All!$A155,Fall!$A:$A,FALSE),MATCH(All!K$1,Fall!$1:$1,FALSE))),"") | L155: =IFERROR(IF(INDEX(Fall!$1:$1048576,MATCH(All!$A155,Fall!$A:$A,FALSE),MATCH(All!L$1,Fall!$1:$1,FALSE))="","",INDEX(Fall!$1:$1048576,MATCH(All!$A155,Fall!$A:$A,FALSE),MATCH(All!L$1,Fall!$1:$1,FALSE))),"") | M155: =IFERROR(IF(INDEX(Fall!$1:$1048576,MATCH(All!$A155,Fall!$A:$A,FALSE),MATCH(All!M$1,Fall!$1:$1,FALSE))="","",INDEX(Fall!$1:$1048576,MATCH(All!$A155,Fall!$A:$A,FALSE),MATCH(All!M$1,Fall!$1:$1,FALSE))),"") | O155: =IFERROR(IF(INDEX(Winter!$1:$1048576,MATCH(All!$A155,Winter!$A:$A,FALSE),MATCH(All!O$1,Winter!$1:$1,FALSE))="","",INDEX(Winter!$1:$1048576,MATCH(All!$A155,Winter!$A:$A,FALSE),MATCH(All!O$1,Winter!$1:$1,FALSE))),"") -> 269.00 (443.85) | P155: =IFERROR(IF(INDEX(Winter!$1:$1048576,MATCH(All!$A155,Winter!$A:$A,FALSE),MATCH(All!P$1,Winter!$1:$1,FALSE))="","",INDEX(Winter!$1:$1048576,MATCH(All!$A155,Winter!$A:$A,FALSE),MATCH(All!P$1,Winter!$1:$1,FALSE))),"") -> 2A | Q155: =IFERROR(IF(INDEX(Winter!$1:$1048576,MATCH(All!$A155,Winter!$A:$A,FALSE),MATCH(All!Q$1,Winter!$1:$1,FALSE))="","",INDEX(Winter!$1:$1048576,MATCH(All!$A155,Winter!$A:$A,FALSE),MATCH(All!Q$1,Winter!$1:$1,FALSE))),"") | R155: =IFERROR(IF(INDEX(Winter!$1:$1048576,MATCH(All!$A155,Winter!$A:$A,FALSE),MATCH(All!R$1,Winter!$1:$1,FALSE))="","",INDEX(Winter!$1:$1048576,MATCH(All!$A155,Winter!$A:$A,FALSE),MATCH(All!R$1,Winter!$1:$1,FALSE))),"") | S155: =IFERROR(IF(INDEX(Winter!$1:$1048576,MATCH(All!$A155,Winter!$A:$A,FALSE),MATCH(All!S$1,Winter!$1:$1,FALSE))="","",INDEX(Winter!$1:$1048576,MATCH(All!$A155,Winter!$A:$A,FALSE),MATCH(All!S$1,Winter!$1:$1,FALSE))),"") | T155: =IFERROR(IF(INDEX(Winter!$1:$1048576,MATCH(All!$A155,Winter!$A:$A,FALSE),MATCH(All!T$1,Winter!$1:$1,FALSE))="","",INDEX(Winter!$1:$1048576,MATCH(All!$A155,Winter!$A:$A,FALSE),MATCH(All!T$1,Winter!$1:$1,FALSE))),"") | U155: =IFERROR(IF(INDEX(Winter!$1:$1048576,MATCH(All!$A155,Winter!$A:$A,FALSE),MATCH(All!U$1,Winter!$1:$1,FALSE))="","",INDEX(Winter!$1:$1048576,MATCH(All!$A155,Winter!$A:$A,FALSE),MATCH(All!U$1,Winter!$1:$1,FALSE))),"") | W155: =IFERROR(IF(INDEX(Spring!$1:$1048576,MATCH(All!$A155,Spring!$A:$A,FALSE),MATCH(All!W$1,Spring!$1:$1,FALSE))="","",INDEX(Spring!$1:$1048576,MATCH(All!$A155,Spring!$A:$A,FALSE),MATCH(All!W$1,Spring!$1:$1,FALSE))),"") | X155: =IFERROR(IF(INDEX(Spring!$1:$1048576,MATCH(All!$A155,Spring!$A:$A,FALSE),MATCH(All!X$1,Spring!$1:$1,FALSE))="","",INDEX(Spring!$1:$1048576,MATCH(All!$A155,Spring!$A:$A,FALSE),MATCH(All!X$1,Spring!$1:$1,FALSE))),"") | Y155: =IFERROR(IF(INDEX(Spring!$1:$1048576,MATCH(All!$A155,Spring!$A:$A,FALSE),MATCH(All!Y$1,Spring!$1:$1,FALSE))="","",INDEX(Spring!$1:$1048576,MATCH(All!$A155,Spring!$A:$A,FALSE),MATCH(All!Y$1,Spring!$1:$1,FALSE))),"") | Z155: =IFERROR(IF(INDEX(Spring!$1:$1048576,MATCH(All!$A155,Spring!$A:$A,FALSE),MATCH(All!Z$1,Spring!$1:$1,FALSE))="","",INDEX(Spring!$1:$1048576,MATCH(All!$A155,Spring!$A:$A,FALSE),MATCH(All!Z$1,Spring!$1:$1,FALSE))),"") | AA155: =IFERROR(IF(INDEX(Spring!$1:$1048576,MATCH(All!$A155,Spring!$A:$A,FALSE),MATCH(All!AA$1,Spring!$1:$1,FALSE))="","",INDEX(Spring!$1:$1048576,MATCH(All!$A155,Spring!$A:$A,FALSE),MATCH(All!AA$1,Spring!$1:$1,FALSE))),"") | AB155: =IFERROR(IF(INDEX(Spring!$1:$1048576,MATCH(All!$A155,Spring!$A:$A,FALSE),MATCH(All!AB$1,Spring!$1:$1,FALSE))="","",INDEX(Spring!$1:$1048576,MATCH(All!$A155,Spring!$A:$A,FALSE),MATCH(All!AB$1,Spring!$1:$1,FALSE))),"") | AC155: =IFERROR(IF(INDEX(Spring!$1:$1048576,MATCH(All!$A155,Spring!$A:$A,FALSE),MATCH(All!AC$1,Spring!$1:$1,FALSE))="","",INDEX(Spring!$1:$1048576,MATCH(All!$A155,Spring!$A:$A,FALSE),MATCH(All!AC$1,Spring!$1:$1,FALSE))),"") | AD155: =IFERROR(VLOOKUP(A155,'Flag Football'!A:A,1,FALSE),"") | AE155: =IF(AD155="","","1A")
A156: Chicago (Excel Academy/Roseland) | B156: =IFERROR(VLOOKUP(A156,'Public v Private'!A:G,3,FALSE),"") -> ? | C156: =IFERROR(VLOOKUP(A156,'Public v Private'!A:G,4,FALSE),"") -> 0 | D156: =IFERROR(VLOOKUP(A156,'Public v Private'!A:G,5,FALSE),"") -> 0 | F156: =IFERROR(INDEX(Fall!$1:$1048576,MATCH(All!$A156,Fall!$A:$A,FALSE),MATCH(All!F$1,Fall!$1:$1,FALSE)),"N/A") -> N/A | G156: =IFERROR(IF(INDEX(Fall!$1:$1048576,MATCH(All!$A156,Fall!$A:$A,FALSE),MATCH(All!G$1,Fall!$1:$1,FALSE))="","",INDEX(Fall!$1:$1048576,MATCH(All!$A156,Fall!$A:$A,FALSE),MATCH(All!G$1,Fall!$1:$1,FALSE))),"") | H156: =IFERROR(IF(INDEX(Fall!$1:$1048576,MATCH(All!$A156,Fall!$A:$A,FALSE),MATCH(All!H$1,Fall!$1:$1,FALSE))="","",INDEX(Fall!$1:$1048576,MATCH(All!$A156,Fall!$A:$A,FALSE),MATCH(All!H$1,Fall!$1:$1,FALSE))),"") | I156: =IFERROR(IF(INDEX(Fall!$1:$1048576,MATCH(All!$A156,Fall!$A:$A,FALSE),MATCH(All!I$1,Fall!$1:$1,FALSE))="","",INDEX(Fall!$1:$1048576,MATCH(All!$A156,Fall!$A:$A,FALSE),MATCH(All!I$1,Fall!$1:$1,FALSE))),"") | J156: =IFERROR(IF(INDEX(Fall!$1:$1048576,MATCH(All!$A156,Fall!$A:$A,FALSE),MATCH(All!J$1,Fall!$1:$1,FALSE))="","",INDEX(Fall!$1:$1048576,MATCH(All!$A156,Fall!$A:$A,FALSE),MATCH(All!J$1,Fall!$1:$1,FALSE))),"") | K156: =IFERROR(IF(INDEX(Fall!$1:$1048576,MATCH(All!$A156,Fall!$A:$A,FALSE),MATCH(All!K$1,Fall!$1:$1,FALSE))="","",INDEX(Fall!$1:$1048576,MATCH(All!$A156,Fall!$A:$A,FALSE),MATCH(All!K$1,Fall!$1:$1,FALSE))),"") | L156: =IFERROR(IF(INDEX(Fall!$1:$1048576,MATCH(All!$A156,Fall!$A:$A,FALSE),MATCH(All!L$1,Fall!$1:$1,FALSE))="","",INDEX(Fall!$1:$1048576,MATCH(All!$A156,Fall!$A:$A,FALSE),MATCH(All!L$1,Fall!$1:$1,FALSE))),"") | M156: =IFERROR(IF(INDEX(Fall!$1:$1048576,MATCH(All!$A156,Fall!$A:$A,FALSE),MATCH(All!M$1,Fall!$1:$1,FALSE))="","",INDEX(Fall!$1:$1048576,MATCH(All!$A156,Fall!$A:$A,FALSE),MATCH(All!M$1,Fall!$1:$1,FALSE))),"") | O156: =IFERROR(IF(INDEX(Winter!$1:$1048576,MATCH(All!$A156,Winter!$A:$A,FALSE),MATCH(All!O$1,Winter!$1:$1,FALSE))="","",INDEX(Winter!$1:$1048576,MATCH(All!$A156,Winter!$A:$A,FALSE),MATCH(All!O$1,Winter!$1:$1,FALSE))),"") | P156: =IFERROR(IF(INDEX(Winter!$1:$1048576,MATCH(All!$A156,Winter!$A:$A,FALSE),MATCH(All!P$1,Winter!$1:$1,FALSE))="","",INDEX(Winter!$1:$1048576,MATCH(All!$A156,Winter!$A:$A,FALSE),MATCH(All!P$1,Winter!$1:$1,FALSE))),"") | Q156: =IFERROR(IF(INDEX(Winter!$1:$1048576,MATCH(All!$A156,Winter!$A:$A,FALSE),MATCH(All!Q$1,Winter!$1:$1,FALSE))="","",INDEX(Winter!$1:$1048576,MATCH(All!$A156,Winter!$A:$A,FALSE),MATCH(All!Q$1,Winter!$1:$1,FALSE))),"") | R156: =IFERROR(IF(INDEX(Winter!$1:$1048576,MATCH(All!$A156,Winter!$A:$A,FALSE),MATCH(All!R$1,Winter!$1:$1,FALSE))="","",INDEX(Winter!$1:$1048576,MATCH(All!$A156,Winter!$A:$A,FALSE),MATCH(All!R$1,Winter!$1:$1,FALSE))),"") | S156: =IFERROR(IF(INDEX(Winter!$1:$1048576,MATCH(All!$A156,Winter!$A:$A,FALSE),MATCH(All!S$1,Winter!$1:$1,FALSE))="","",INDEX(Winter!$1:$1048576,MATCH(All!$A156,Winter!$A:$A,FALSE),MATCH(All!S$1,Winter!$1:$1,FALSE))),"") | T156: =IFERROR(IF(INDEX(Winter!$1:$1048576,MATCH(All!$A156,Winter!$A:$A,FALSE),MATCH(All!T$1,Winter!$1:$1,FALSE))="","",INDEX(Winter!$1:$1048576,MATCH(All!$A156,Winter!$A:$A,FALSE),MATCH(All!T$1,Winter!$1:$1,FALSE))),"") | U156: =IFERROR(IF(INDEX(Winter!$1:$1048576,MATCH(All!$A156,Winter!$A:$A,FALSE),MATCH(All!U$1,Winter!$1:$1,FALSE))="","",INDEX(Winter!$1:$1048576,MATCH(All!$A156,Winter!$A:$A,FALSE),MATCH(All!U$1,Winter!$1:$1,FALSE))),"") | W156: =IFERROR(IF(INDEX(Spring!$1:$1048576,MATCH(All!$A156,Spring!$A:$A,FALSE),MATCH(All!W$1,Spring!$1:$1,FALSE))="","",INDEX(Spring!$1:$1048576,MATCH(All!$A156,Spring!$A:$A,FALSE),MATCH(All!W$1,Spring!$1:$1,FALSE))),"") -> 268.00 (442.20) | X156: =IFERROR(IF(INDEX(Spring!$1:$1048576,MATCH(All!$A156,Spring!$A:$A,FALSE),MATCH(All!X$1,Spring!$1:$1,FALSE))="","",INDEX(Spring!$1:$1048576,MATCH(All!$A156,Spring!$A:$A,FALSE),MATCH(All!X$1,Spring!$1:$1,FALSE))),"") | Y156: =IFERROR(IF(INDEX(Spring!$1:$1048576,MATCH(All!$A156,Spring!$A:$A,FALSE),MATCH(All!Y$1,Spring!$1:$1,FALSE))="","",INDEX(Spring!$1:$1048576,MATCH(All!$A156,Spring!$A:$A,FALSE),MATCH(All!Y$1,Spring!$1:$1,FALSE))),"") | Z156: =IFERROR(IF(INDEX(Spring!$1:$1048576,MATCH(All!$A156,Spring!$A:$A,FALSE),MATCH(All!Z$1,Spring!$1:$1,FALSE))="","",INDEX(Spring!$1:$1048576,MATCH(All!$A156,Spring!$A:$A,FALSE),MATCH(All!Z$1,Spring!$1:$1,FALSE))),"") | AA156: =IFERROR(IF(INDEX(Spring!$1:$1048576,MATCH(All!$A156,Spring!$A:$A,FALSE),MATCH(All!AA$1,Spring!$1:$1,FALSE))="","",INDEX(Spring!$1:$1048576,MATCH(All!$A156,Spring!$A:$A,FALSE),MATCH(All!AA$1,Spring!$1:$1,FALSE))),"") | AB156: =IFERROR(IF(INDEX(Spring!$1:$1048576,MATCH(All!$A156,Spring!$A:$A,FALSE),MATCH(All!AB$1,Spring!$1:$1,FALSE))="","",INDEX(Spring!$1:$1048576,MATCH(All!$A156,Spring!$A:$A,FALSE),MATCH(All!AB$1,Spring!$1:$1,FALSE))),"") -> 1A | AC156: =IFERROR(IF(INDEX(Spring!$1:$1048576,MATCH(All!$A156,Spring!$A:$A,FALSE),MATCH(All!AC$1,Spring!$1:$1,FALSE))="","",INDEX(Spring!$1:$1048576,MATCH(All!$A156,Spring!$A:$A,FALSE),MATCH(All!AC$1,Spring!$1:$1,FALSE))),"") | AD156: =IFERROR(VLOOKUP(A156,'Flag Football'!A:A,1,FALSE),"") | AE156: =IF(AD156="","","1A")
A157: Chicago (Excel Academy/South Shore) | B157: =IFERROR(VLOOKUP(A157,'Public v Private'!A:G,3,FALSE),"") -> ? | C157: =IFERROR(VLOOKUP(A157,'Public v Private'!A:G,4,FALSE),"") -> 0 | D157: =IFERROR(VLOOKUP(A157,'Public v Private'!A:G,5,FALSE),"") -> 0 | F157: =IFERROR(INDEX(Fall!$1:$1048576,MATCH(All!$A157,Fall!$A:$A,FALSE),MATCH(All!F$1,Fall!$1:$1,FALSE)),"N/A") -> N/A | G157: =IFERROR(IF(INDEX(Fall!$1:$1048576,MATCH(All!$A157,Fall!$A:$A,FALSE),MATCH(All!G$1,Fall!$1:$1,FALSE))="","",INDEX(Fall!$1:$1048576,MATCH(All!$A157,Fall!$A:$A,FALSE),MATCH(All!G$1,Fall!$1:$1,FALSE))),"") | H157: =IFERROR(IF(INDEX(Fall!$1:$1048576,MATCH(All!$A157,Fall!$A:$A,FALSE),MATCH(All!H$1,Fall!$1:$1,FALSE))="","",INDEX(Fall!$1:$1048576,MATCH(All!$A157,Fall!$A:$A,FALSE),MATCH(All!H$1,Fall!$1:$1,FALSE))),"") | I157: =IFERROR(IF(INDEX(Fall!$1:$1048576,MATCH(All!$A157,Fall!$A:$A,FALSE),MATCH(All!I$1,Fall!$1:$1,FALSE))="","",INDEX(Fall!$1:$1048576,MATCH(All!$A157,Fall!$A:$A,FALSE),MATCH(All!I$1,Fall!$1:$1,FALSE))),"") | J157: =IFERROR(IF(INDEX(Fall!$1:$1048576,MATCH(All!$A157,Fall!$A:$A,FALSE),MATCH(All!J$1,Fall!$1:$1,FALSE))="","",INDEX(Fall!$1:$1048576,MATCH(All!$A157,Fall!$A:$A,FALSE),MATCH(All!J$1,Fall!$1:$1,FALSE))),"") | K157: =IFERROR(IF(INDEX(Fall!$1:$1048576,MATCH(All!$A157,Fall!$A:$A,FALSE),MATCH(All!K$1,Fall!$1:$1,FALSE))="","",INDEX(Fall!$1:$1048576,MATCH(All!$A157,Fall!$A:$A,FALSE),MATCH(All!K$1,Fall!$1:$1,FALSE))),"") | L157: =IFERROR(IF(INDEX(Fall!$1:$1048576,MATCH(All!$A157,Fall!$A:$A,FALSE),MATCH(All!L$1,Fall!$1:$1,FALSE))="","",INDEX(Fall!$1:$1048576,MATCH(All!$A157,Fall!$A:$A,FALSE),MATCH(All!L$1,Fall!$1:$1,FALSE))),"") | M157: =IFERROR(IF(INDEX(Fall!$1:$1048576,MATCH(All!$A157,Fall!$A:$A,FALSE),MATCH(All!M$1,Fall!$1:$1,FALSE))="","",INDEX(Fall!$1:$1048576,MATCH(All!$A157,Fall!$A:$A,FALSE),MATCH(All!M$1,Fall!$1:$1,FALSE))),"") | O157: =IFERROR(IF(INDEX(Winter!$1:$1048576,MATCH(All!$A157,Winter!$A:$A,FALSE),MATCH(All!O$1,Winter!$1:$1,FALSE))="","",INDEX(Winter!$1:$1048576,MATCH(All!$A157,Winter!$A:$A,FALSE),MATCH(All!O$1,Winter!$1:$1,FALSE))),"") -> 225.00 (371.25) | P157: =IFERROR(IF(INDEX(Winter!$1:$1048576,MATCH(All!$A157,Winter!$A:$A,FALSE),MATCH(All!P$1,Winter!$1:$1,FALSE))="","",INDEX(Winter!$1:$1048576,MATCH(All!$A157,Winter!$A:$A,FALSE),MATCH(All!P$1,Winter!$1:$1,FALSE))),"") -> 2A | Q157: =IFERROR(IF(INDEX(Winter!$1:$1048576,MATCH(All!$A157,Winter!$A:$A,FALSE),MATCH(All!Q$1,Winter!$1:$1,FALSE))="","",INDEX(Winter!$1:$1048576,MATCH(All!$A157,Winter!$A:$A,FALSE),MATCH(All!Q$1,Winter!$1:$1,FALSE))),"") | R157: =IFERROR(IF(INDEX(Winter!$1:$1048576,MATCH(All!$A157,Winter!$A:$A,FALSE),MATCH(All!R$1,Winter!$1:$1,FALSE))="","",INDEX(Winter!$1:$1048576,MATCH(All!$A157,Winter!$A:$A,FALSE),MATCH(All!R$1,Winter!$1:$1,FALSE))),"") | S157: =IFERROR(IF(INDEX(Winter!$1:$1048576,MATCH(All!$A157,Winter!$A:$A,FALSE),MATCH(All!S$1,Winter!$1:$1,FALSE))="","",INDEX(Winter!$1:$1048576,MATCH(All!$A157,Winter!$A:$A,FALSE),MATCH(All!S$1,Winter!$1:$1,FALSE))),"") | T157: =IFERROR(IF(INDEX(Winter!$1:$1048576,MATCH(All!$A157,Winter!$A:$A,FALSE),MATCH(All!T$1,Winter!$1:$1,FALSE))="","",INDEX(Winter!$1:$1048576,MATCH(All!$A157,Winter!$A:$A,FALSE),MATCH(All!T$1,Winter!$1:$1,FALSE))),"") | U157: =IFERROR(IF(INDEX(Winter!$1:$1048576,MATCH(All!$A157,Winter!$A:$A,FALSE),MATCH(All!U$1,Winter!$1:$1,FALSE))="","",INDEX(Winter!$1:$1048576,MATCH(All!$A157,Winter!$A:$A,FALSE),MATCH(All!U$1,Winter!$1:$1,FALSE))),"") | W157: =IFERROR(IF(INDEX(Spring!$1:$1048576,MATCH(All!$A157,Spring!$A:$A,FALSE),MATCH(All!W$1,Spring!$1:$1,FALSE))="","",INDEX(Spring!$1:$1048576,MATCH(All!$A157,Spring!$A:$A,FALSE),MATCH(All!W$1,Spring!$1:$1,FALSE))),"") | X157: =IFERROR(IF(INDEX(Spring!$1:$1048576,MATCH(All!$A157,Spring!$A:$A,FALSE),MATCH(All!X$1,Spring!$1:$1,FALSE))="","",INDEX(Spring!$1:$1048576,MATCH(All!$A157,Spring!$A:$A,FALSE),MATCH(All!X$1,Spring!$1:$1,FALSE))),"") | Y157: =IFERROR(IF(INDEX(Spring!$1:$1048576,MATCH(All!$A157,Spring!$A:$A,FALSE),MATCH(All!Y$1,Spring!$1:$1,FALSE))="","",INDEX(Spring!$1:$1048576,MATCH(All!$A157,Spring!$A:$A,FALSE),MATCH(All!Y$1,Spring!$1:$1,FALSE))),"") | Z157: =IFERROR(IF(INDEX(Spring!$1:$1048576,MATCH(All!$A157,Spring!$A:$A,FALSE),MATCH(All!Z$1,Spring!$1:$1,FALSE))="","",INDEX(Spring!$1:$1048576,MATCH(All!$A157,Spring!$A:$A,FALSE),MATCH(All!Z$1,Spring!$1:$1,FALSE))),"") | AA157: =IFERROR(IF(INDEX(Spring!$1:$1048576,MATCH(All!$A157,Spring!$A:$A,FALSE),MATCH(All!AA$1,Spring!$1:$1,FALSE))="","",INDEX(Spring!$1:$1048576,MATCH(All!$A157,Spring!$A:$A,FALSE),MATCH(All!AA$1,Spring!$1:$1,FALSE))),"") | AB157: =IFERROR(IF(INDEX(Spring!$1:$1048576,MATCH(All!$A157,Spring!$A:$A,FALSE),MATCH(All!AB$1,Spring!$1:$1,FALSE))="","",INDEX(Spring!$1:$1048576,MATCH(All!$A157,Spring!$A:$A,FALSE),MATCH(All!AB$1,Spring!$1:$1,FALSE))),"") | AC157: =IFERROR(IF(INDEX(Spring!$1:$1048576,MATCH(All!$A157,Spring!$A:$A,FALSE),MATCH(All!AC$1,Spring!$1:$1,FALSE))="","",INDEX(Spring!$1:$1048576,MATCH(All!$A157,Spring!$A:$A,FALSE),MATCH(All!AC$1,Spring!$1:$1,FALSE))),"") | AD157: =IFERROR(VLOOKUP(A157,'Flag Football'!A:A,1,FALSE),"") | AE157: =IF(AD157="","","1A")
A158: Chicago (F.W. Parker) | B158: =IFERROR(VLOOKUP(A158,'Public v Private'!A:G,3,FALSE),"") -> private | C158: =IFERROR(VLOOKUP(A158,'Public v Private'!A:G,4,FALSE),"") -> 1 | D158: =IFERROR(VLOOKUP(A158,'Public v Private'!A:G,5,FALSE),"") -> 1 | F158: =IFERROR(INDEX(Fall!$1:$1048576,MATCH(All!$A158,Fall!$A:$A,FALSE),MATCH(All!F$1,Fall!$1:$1,FALSE)),"N/A") -> 344.00 (567.60) | G158: =IFERROR(IF(INDEX(Fall!$1:$1048576,MATCH(All!$A158,Fall!$A:$A,FALSE),MATCH(All!G$1,Fall!$1:$1,FALSE))="","",INDEX(Fall!$1:$1048576,MATCH(All!$A158,Fall!$A:$A,FALSE),MATCH(All!G$1,Fall!$1:$1,FALSE))),"") -> 1A | H158: =IFERROR(IF(INDEX(Fall!$1:$1048576,MATCH(All!$A158,Fall!$A:$A,FALSE),MATCH(All!H$1,Fall!$1:$1,FALSE))="","",INDEX(Fall!$1:$1048576,MATCH(All!$A158,Fall!$A:$A,FALSE),MATCH(All!H$1,Fall!$1:$1,FALSE))),"") -> 1A | I158: =IFERROR(IF(INDEX(Fall!$1:$1048576,MATCH(All!$A158,Fall!$A:$A,FALSE),MATCH(All!I$1,Fall!$1:$1,FALSE))="","",INDEX(Fall!$1:$1048576,MATCH(All!$A158,Fall!$A:$A,FALSE),MATCH(All!I$1,Fall!$1:$1,FALSE))),"") -> 2A | J158: =IFERROR(IF(INDEX(Fall!$1:$1048576,MATCH(All!$A158,Fall!$A:$A,FALSE),MATCH(All!J$1,Fall!$1:$1,FALSE))="","",INDEX(Fall!$1:$1048576,MATCH(All!$A158,Fall!$A:$A,FALSE),MATCH(All!J$1,Fall!$1:$1,FALSE))),"") -> 1A | K158: =IFERROR(IF(INDEX(Fall!$1:$1048576,MATCH(All!$A158,Fall!$A:$A,FALSE),MATCH(All!K$1,Fall!$1:$1,FALSE))="","",INDEX(Fall!$1:$1048576,MATCH(All!$A158,Fall!$A:$A,FALSE),MATCH(All!K$1,Fall!$1:$1,FALSE))),"") -> 1A | L158: =IFERROR(IF(INDEX(Fall!$1:$1048576,MATCH(All!$A158,Fall!$A:$A,FALSE),MATCH(All!L$1,Fall!$1:$1,FALSE))="","",INDEX(Fall!$1:$1048576,MATCH(All!$A158,Fall!$A:$A,FALSE),MATCH(All!L$1,Fall!$1:$1,FALSE))),"") -> 1A | M158: =IFERROR(IF(INDEX(Fall!$1:$1048576,MATCH(All!$A158,Fall!$A:$A,FALSE),MATCH(All!M$1,Fall!$1:$1,FALSE))="","",INDEX(Fall!$1:$1048576,MATCH(All!$A158,Fall!$A:$A,FALSE),MATCH(All!M$1,Fall!$1:$1,FALSE))),"") -> 2A | O158: =IFERROR(IF(INDEX(Winter!$1:$1048576,MATCH(All!$A158,Winter!$A:$A,FALSE),MATCH(All!O$1,Winter!$1:$1,FALSE))="","",INDEX(Winter!$1:$1048576,MATCH(All!$A158,Winter!$A:$A,FALSE),MATCH(All!O$1,Winter!$1:$1,FALSE))),"") -> 344.00 (567.60) | P158: =IFERROR(IF(INDEX(Winter!$1:$1048576,MATCH(All!$A158,Winter!$A:$A,FALSE),MATCH(All!P$1,Winter!$1:$1,FALSE))="","",INDEX(Winter!$1:$1048576,MATCH(All!$A158,Winter!$A:$A,FALSE),MATCH(All!P$1,Winter!$1:$1,FALSE))),"") -> 2A | Q158: =IFERROR(IF(INDEX(Winter!$1:$1048576,MATCH(All!$A158,Winter!$A:$A,FALSE),MATCH(All!Q$1,Winter!$1:$1,FALSE))="","",INDEX(Winter!$1:$1048576,MATCH(All!$A158,Winter!$A:$A,FALSE),MATCH(All!Q$1,Winter!$1:$1,FALSE))),"") -> 2A | R158: =IFERROR(IF(INDEX(Winter!$1:$1048576,MATCH(All!$A158,Winter!$A:$A,FALSE),MATCH(All!R$1,Winter!$1:$1,FALSE))="","",INDEX(Winter!$1:$1048576,MATCH(All!$A158,Winter!$A:$A,FALSE),MATCH(All!R$1,Winter!$1:$1,FALSE))),"") | S158: =IFERROR(IF(INDEX(Winter!$1:$1048576,MATCH(All!$A158,Winter!$A:$A,FALSE),MATCH(All!S$1,Winter!$1:$1,FALSE))="","",INDEX(Winter!$1:$1048576,MATCH(All!$A158,Winter!$A:$A,FALSE),MATCH(All!S$1,Winter!$1:$1,FALSE))),"") | T158: =IFERROR(IF(INDEX(Winter!$1:$1048576,MATCH(All!$A158,Winter!$A:$A,FALSE),MATCH(All!T$1,Winter!$1:$1,FALSE))="","",INDEX(Winter!$1:$1048576,MATCH(All!$A158,Winter!$A:$A,FALSE),MATCH(All!T$1,Winter!$1:$1,FALSE))),"") -> 2A | U158: =IFERROR(IF(INDEX(Winter!$1:$1048576,MATCH(All!$A158,Winter!$A:$A,FALSE),MATCH(All!U$1,Winter!$1:$1,FALSE))="","",INDEX(Winter!$1:$1048576,MATCH(All!$A158,Winter!$A:$A,FALSE),MATCH(All!U$1,Winter!$1:$1,FALSE))),"") | W158: =IFERROR(IF(INDEX(Spring!$1:$1048576,MATCH(All!$A158,Spring!$A:$A,FALSE),MATCH(All!W$1,Spring!$1:$1,FALSE))="","",INDEX(Spring!$1:$1048576,MATCH(All!$A158,Spring!$A:$A,FALSE),MATCH(All!W$1,Spring!$1:$1,FALSE))),"") -> 344.00 (567.60) | X158: =IFERROR(IF(INDEX(Spring!$1:$1048576,MATCH(All!$A158,Spring!$A:$A,FALSE),MATCH(All!X$1,Spring!$1:$1,FALSE))="","",INDEX(Spring!$1:$1048576,MATCH(All!$A158,Spring!$A:$A,FALSE),MATCH(All!X$1,Spring!$1:$1,FALSE))),"") -> 2A | Y158: =IFERROR(IF(INDEX(Spring!$1:$1048576,MATCH(All!$A158,Spring!$A:$A,FALSE),MATCH(All!Y$1,Spring!$1:$1,FALSE))="","",INDEX(Spring!$1:$1048576,MATCH(All!$A158,Spring!$A:$A,FALSE),MATCH(All!Y$1,Spring!$1:$1,FALSE))),"") -> 2A | Z158: =IFERROR(IF(INDEX(Spring!$1:$1048576,MATCH(All!$A158,Spring!$A:$A,FALSE),MATCH(All!Z$1,Spring!$1:$1,FALSE))="","",INDEX(Spring!$1:$1048576,MATCH(All!$A158,Spring!$A:$A,FALSE),MATCH(All!Z$1,Spring!$1:$1,FALSE))),"") -> 1A | AA158: =IFERROR(IF(INDEX(Spring!$1:$1048576,MATCH(All!$A158,Spring!$A:$A,FALSE),MATCH(All!AA$1,Spring!$1:$1,FALSE))="","",INDEX(Spring!$1:$1048576,MATCH(All!$A158,Spring!$A:$A,FALSE),MATCH(All!AA$1,Spring!$1:$1,FALSE))),"") -> 1A | AB158: =IFERROR(IF(INDEX(Spring!$1:$1048576,MATCH(All!$A158,Spring!$A:$A,FALSE),MATCH(All!AB$1,Spring!$1:$1,FALSE))="","",INDEX(Spring!$1:$1048576,MATCH(All!$A158,Spring!$A:$A,FALSE),MATCH(All!AB$1,Spring!$1:$1,FALSE))),"") -> 2A | AC158: =IFERROR(IF(INDEX(Spring!$1:$1048576,MATCH(All!$A158,Spring!$A:$A,FALSE),MATCH(All!AC$1,Spring!$1:$1,FALSE))="","",INDEX(Spring!$1:$1048576,MATCH(All!$A158,Spring!$A:$A,FALSE),MATCH(All!AC$1,Spring!$1:$1,FALSE))),"") -> 2A | AD158: =IFERROR(VLOOKUP(A158,'Flag Football'!A:A,1,FALSE),"") | AE158: =IF(AD158="","","1A")
... A781: Zion (Z.-Benton) | B781: =IFERROR(VLOOKUP(A781,'Public v Private'!A:G,3,FALSE),"") -> 0 | C781: =IFERROR(VLOOKUP(A781,'Public v Private'!A:G,4,FALSE),"") -> 0 | D781: =IFERROR(VLOOKUP(A781,'Public v Private'!A:G,5,FALSE),"") -> 0 | F781: =IFERROR(INDEX(Fall!$1:$1048576,MATCH(All!$A781,Fall!$A:$A,FALSE),MATCH(All!F$1,Fall!$1:$1,FALSE)),"N/A") -> 2060 | G781: =IFERROR(IF(INDEX(Fall!$1:$1048576,MATCH(All!$A781,Fall!$A:$A,FALSE),MATCH(All!G$1,Fall!$1:$1,FALSE))="","",INDEX(Fall!$1:$1048576,MATCH(All!$A781,Fall!$A:$A,FALSE),MATCH(All!G$1,Fall!$1:$1,FALSE))),"") -> 3A | H781: =IFERROR(IF(INDEX(Fall!$1:$1048576,MATCH(All!$A781,Fall!$A:$A,FALSE),MATCH(All!H$1,Fall!$1:$1,FALSE))="","",INDEX(Fall!$1:$1048576,MATCH(All!$A781,Fall!$A:$A,FALSE),MATCH(All!H$1,Fall!$1:$1,FALSE))),"") -> 3A | I781: =IFERROR(IF(INDEX(Fall!$1:$1048576,MATCH(All!$A781,Fall!$A:$A,FALSE),MATCH(All!I$1,Fall!$1:$1,FALSE))="","",INDEX(Fall!$1:$1048576,MATCH(All!$A781,Fall!$A:$A,FALSE),MATCH(All!I$1,Fall!$1:$1,FALSE))),"") -> 3A | J781: =IFERROR(IF(INDEX(Fall!$1:$1048576,MATCH(All!$A781,Fall!$A:$A,FALSE),MATCH(All!J$1,Fall!$1:$1,FALSE))="","",INDEX(Fall!$1:$1048576,MATCH(All!$A781,Fall!$A:$A,FALSE),MATCH(All!J$1,Fall!$1:$1,FALSE))),"") | K781: =IFERROR(IF(INDEX(Fall!$1:$1048576,MATCH(All!$A781,Fall!$A:$A,FALSE),MATCH(All!K$1,Fall!$1:$1,FALSE))="","",INDEX(Fall!$1:$1048576,MATCH(All!$A781,Fall!$A:$A,FALSE),MATCH(All!K$1,Fall!$1:$1,FALSE))),"") -> 3A | L781: =IFERROR(IF(INDEX(Fall!$1:$1048576,MATCH(All!$A781,Fall!$A:$A,FALSE),MATCH(All!L$1,Fall!$1:$1,FALSE))="","",INDEX(Fall!$1:$1048576,MATCH(All!$A781,Fall!$A:$A,FALSE),MATCH(All!L$1,Fall!$1:$1,FALSE))),"") -> 2A | M781: =IFERROR(IF(INDEX(Fall!$1:$1048576,MATCH(All!$A781,Fall!$A:$A,FALSE),MATCH(All!M$1,Fall!$1:$1,FALSE))="","",INDEX(Fall!$1:$1048576,MATCH(All!$A781,Fall!$A:$A,FALSE),MATCH(All!M$1,Fall!$1:$1,FALSE))),"") -> 4A | O781: =IFERROR(IF(INDEX(Winter!$1:$1048576,MATCH(All!$A781,Winter!$A:$A,FALSE),MATCH(All!O$1,Winter!$1:$1,FALSE))="","",INDEX(Winter!$1:$1048576,MATCH(All!$A781,Winter!$A:$A,FALSE),MATCH(All!O$1,Winter!$1:$1,FALSE))),"") -> 2060 | P781: =IFERROR(IF(INDEX(Winter!$1:$1048576,MATCH(All!$A781,Winter!$A:$A,FALSE),MATCH(All!P$1,Winter!$1:$1,FALSE))="","",INDEX(Winter!$1:$1048576,MATCH(All!$A781,Winter!$A:$A,FALSE),MATCH(All!P$1,Winter!$1:$1,FALSE))),"") -> 4A | Q781: =IFERROR(IF(INDEX(Winter!$1:$1048576,MATCH(All!$A781,Winter!$A:$A,FALSE),MATCH(All!Q$1,Winter!$1:$1,FALSE))="","",INDEX(Winter!$1:$1048576,MATCH(All!$A781,Winter!$A:$A,FALSE),MATCH(All!Q$1,Winter!$1:$1,FALSE))),"") -> 4A | R781: =IFERROR(IF(INDEX(Winter!$1:$1048576,MATCH(All!$A781,Winter!$A:$A,FALSE),MATCH(All!R$1,Winter!$1:$1,FALSE))="","",INDEX(Winter!$1:$1048576,MATCH(All!$A781,Winter!$A:$A,FALSE),MATCH(All!R$1,Winter!$1:$1,FALSE))),"") -> C | S781: =IFERROR(IF(INDEX(Winter!$1:$1048576,MATCH(All!$A781,Winter!$A:$A,FALSE),MATCH(All!S$1,Winter!$1:$1,FALSE))="","",INDEX(Winter!$1:$1048576,MATCH(All!$A781,Winter!$A:$A,FALSE),MATCH(All!S$1,Winter!$1:$1,FALSE))),"") | T781: =IFERROR(IF(INDEX(Winter!$1:$1048576,MATCH(All!$A781,Winter!$A:$A,FALSE),MATCH(All!T$1,Winter!$1:$1,FALSE))="","",INDEX(Winter!$1:$1048576,MATCH(All!$A781,Winter!$A:$A,FALSE),MATCH(All!T$1,Winter!$1:$1,FALSE))),"") -> 2A | U781: =IFERROR(IF(INDEX(Winter!$1:$1048576,MATCH(All!$A781,Winter!$A:$A,FALSE),MATCH(All!U$1,Winter!$1:$1,FALSE))="","",INDEX(Winter!$1:$1048576,MATCH(All!$A781,Winter!$A:$A,FALSE),MATCH(All!U$1,Winter!$1:$1,FALSE))),"") -> 3A | W781: =IFERROR(IF(INDEX(Spring!$1:$1048576,MATCH(All!$A781,Spring!$A:$A,FALSE),MATCH(All!W$1,Spring!$1:$1,FALSE))="","",INDEX(Spring!$1:$1048576,MATCH(All!$A781,Spring!$A:$A,FALSE),MATCH(All!W$1,Spring!$1:$1,FALSE))),"") -> 2060 | X781: =IFERROR(IF(INDEX(Spring!$1:$1048576,MATCH(All!$A781,Spring!$A:$A,FALSE),MATCH(All!X$1,Spring!$1:$1,FALSE))="","",INDEX(Spring!$1:$1048576,MATCH(All!$A781,Spring!$A:$A,FALSE),MATCH(All!X$1,Spring!$1:$1,FALSE))),"") -> 4A | Y781: =IFERROR(IF(INDEX(Spring!$1:$1048576,MATCH(All!$A781,Spring!$A:$A,FALSE),MATCH(All!Y$1,Spring!$1:$1,FALSE))="","",INDEX(Spring!$1:$1048576,MATCH(All!$A781,Spring!$A:$A,FALSE),MATCH(All!Y$1,Spring!$1:$1,FALSE))),"") -> 4A | Z781: =IFERROR(IF(INDEX(Spring!$1:$1048576,MATCH(All!$A781,Spring!$A:$A,FALSE),MATCH(All!Z$1,Spring!$1:$1,FALSE))="","",INDEX(Spring!$1:$1048576,MATCH(All!$A781,Spring!$A:$A,FALSE),MATCH(All!Z$1,Spring!$1:$1,FALSE))),"") -> 3A | AA781: =IFERROR(IF(INDEX(Spring!$1:$1048576,MATCH(All!$A781,Spring!$A:$A,FALSE),MATCH(All!AA$1,Spring!$1:$1,FALSE))="","",INDEX(Spring!$1:$1048576,MATCH(All!$A781,Spring!$A:$A,FALSE),MATCH(All!AA$1,Spring!$1:$1,FALSE))),"") -> 2A | AB781: =IFERROR(IF(INDEX(Spring!$1:$1048576,MATCH(All!$A781,Spring!$A:$A,FALSE),MATCH(All!AB$1,Spring!$1:$1,FALSE))="","",INDEX(Spring!$1:$1048576,MATCH(All!$A781,Spring!$A:$A,FALSE),MATCH(All!AB$1,Spring!$1:$1,FALSE))),"") -> 3A | AC781: =IFERROR(IF(INDEX(Spring!$1:$1048576,MATCH(All!$A781,Spring!$A:$A,FALSE),MATCH(All!AC$1,Spring!$1:$1,FALSE))="","",INDEX(Spring!$1:$1048576,MATCH(All!$A781,Spring!$A:$A,FALSE),MATCH(All!AC$1,Spring!$1:$1,FALSE))),"") -> 3A | AD781: =IFERROR(VLOOKUP(A781,'Flag Football'!A:A,1,FALSE),"") -> Zion (Z.-Benton) | AE781: =IF(AD781="","","1A") -> 1A

Sheet Flag Football
A1: Addison (A. Trail) | B1: =VLOOKUP(A1,All!A:A,1,FALSE) -> Addison (A. Trail)
A2: Algonquin (Jacobs) | B2: =VLOOKUP(A2,All!A:A,1,FALSE) -> Algonquin (Jacobs)
A3: Antioch | B3: =VLOOKUP(A3,All!A:A,1,FALSE) -> Antioch
A4: Arlington Heights (Hersey) | B4: =VLOOKUP(A4,All!A:A,1,FALSE) -> Arlington Heights (Hersey)
A5: Arlington Heights (St. Viator) | B5: =VLOOKUP(A5,All!A:A,1,FALSE) -> Arlington Heights (St. Viator)
A6: Aurora (East) | B6: =VLOOKUP(A6,All!A:A,1,FALSE) -> Aurora (East)
A7: Aurora (Rosary) | B7: =VLOOKUP(A7,All!A:A,1,FALSE) -> Aurora (Rosary)
A8: Aurora (West Aurora) | B8: =VLOOKUP(A8,All!A:A,1,FALSE) -> Aurora (West Aurora)
A9: Barrington | B9: =VLOOKUP(A9,All!A:A,1,FALSE) -> Barrington
A10: Bartlett | B10: =VLOOKUP(A10,All!A:A,1,FALSE) -> Bartlett
A11: Belleville (East) | B11: =VLOOKUP(A11,All!A:A,1,FALSE) -> Belleville (East)
A12: Belleville (West) | B12: =VLOOKUP(A12,All!A:A,1,FALSE) -> Belleville (West)
... A215: Zion (Z.-Benton) | B215: =VLOOKUP(A215,All!A:A,1,FALSE) -> Zion (Z.-Benton)

Sheet All by Sport
C1: K | D1: M | F1: P | G1: Q | H1: R | I1: S | K1: X | L1: Y | M1: Z | O1: AE
C2: SOB | D2: VBG | F2: BKB | G2: BKG | H2: CHC | I2: DAC | K2: BA | L2: SBG | M2: SOG | O2: FF
B3: 1A | C3: =COUNTIFS(All!K:K,'All by Sport'!B3) -> 172 | D3: =COUNTIFS(All!M:M,'All by Sport'!B3) -> 249 | F3: =COUNTIFS(All!P:P,'All by Sport'!B3) -> 254 | G3: =COUNTIFS(All!Q:Q,'All by Sport'!B3) -> 203 | H3: =COUNTIFS(All!R:R,'All by Sport'!B3) -> 89 | I3: =COUNTIFS(All!S:S,'All by Sport'!B3) -> 78 | K3: =COUNTIFS(All!X:X,'All by Sport'!B3) -> 173 | L3: =COUNTIFS(All!Y:Y,'All by Sport'!B3) -> 174 | M3: =COUNTIFS(All!Z:Z,'All by Sport'!B3) -> 134 | O3: =COUNTIFS(All!AE:AE,'All by Sport'!B3) -> 215
B4: 2A | C4: =COUNTIFS(All!K:K,'All by Sport'!B4) -> 152 | D4: =COUNTIFS(All!M:M,'All by Sport'!B4) -> 162 | F4: =COUNTIFS(All!P:P,'All by Sport'!B4) -> 178 | G4: =COUNTIFS(All!Q:Q,'All by Sport'!B4) -> 167 | H4: =COUNTIFS(All!R:R,'All by Sport'!B4) -> 84 | I4: =COUNTIFS(All!S:S,'All by Sport'!B4) -> 86 | K4: =COUNTIFS(All!X:X,'All by Sport'!B4) -> 153 | L4: =COUNTIFS(All!Y:Y,'All by Sport'!B4) -> 143 | M4: =COUNTIFS(All!Z:Z,'All by Sport'!B4) -> 147 | O4: =COUNTIFS(All!AE:AE,'All by Sport'!B4) -> 0
B5: 3A | C5: =COUNTIFS(All!K:K,'All by Sport'!B5) -> 135 | D5: =COUNTIFS(All!M:M,'All by Sport'!B5) -> 150 | F5: =COUNTIFS(All!P:P,'All by Sport'!B5) -> 147 | G5: =COUNTIFS(All!Q:Q,'All by Sport'!B5) -> 138 | H5: =COUNTIFS(All!R:R,'All by Sport'!B5) -> 83 | I5: =COUNTIFS(All!S:S,'All by Sport'!B5) -> 82 | K5: =COUNTIFS(All!X:X,'All by Sport'!B5) -> 133 | L5: =COUNTIFS(All!Y:Y,'All by Sport'!B5) -> 112 | M5: =COUNTIFS(All!Z:Z,'All by Sport'!B5) -> 116 | O5: =COUNTIFS(All!AE:AE,'All by Sport'!B5) -> 0
B6: 4A | C6: =COUNTIFS(All!K:K,'All by Sport'!B6) -> 0 | D6: =COUNTIFS(All!M:M,'All by Sport'!B6) -> 141 | F6: =COUNTIFS(All!P:P,'All by Sport'!B6) -> 147 | G6: =COUNTIFS(All!Q:Q,'All by Sport'!B6) -> 144 | H6: =COUNTIFS(All!R:R,'All by Sport'!B6) -> 0 | I6: =COUNTIFS(All!S:S,'All by Sport'!B6) -> 0 | K6: =COUNTIFS(All!X:X,'All by Sport'!B6) -> 149 | L6: =COUNTIFS(All!Y:Y,'All by Sport'!B6) -> 140 | M6: =COUNTIFS(All!Z:Z,'All by Sport'!B6) -> 0 | O6: =COUNTIFS(All!AE:AE,'All by Sport'!B6) -> 0
B7: C | H7: =COUNTIFS(All!R:R,'All by Sport'!B7) -> 53
A10: 0 | B10: 1A | C10: =COUNTIFS(All!K:K,B10,All!$C:$C,'All by Sport'!A10) -> 121 | D10: =COUNTIFS(All!M:M,B10,All!$C:$C,'All by Sport'!A10) -> 199 | F10: =COUNTIFS(All!M:M,B10,All!$C:$C,'All by Sport'!A10) -> 199 | G10: =COUNTIFS(All!Q:Q,B10,All!$C:$C,'All by Sport'!A10) -> 166 | H10: =COUNTIFS(All!R:R,B10,All!$C:$C,'All by Sport'!A10) -> 77 | I10: =COUNTIFS(All!S:S,B10,All!$C:$C,'All by Sport'!A10) -> 64 | K10: =COUNTIFS(All!$B:$B,"private",All!X:X,'All by Sport'!B10,All!$C:$C,'All by Sport'!A10) -> 0 | L10: =COUNTIFS(All!Y:Y,'All by Sport'!B10,All!$C:$C,'All by Sport'!A10) -> 154 | M10: =COUNTIFS(All!Z:Z,'All by Sport'!B10,All!$C:$C,'All by Sport'!A10) -> 89 | O10: =COUNTIFS(All!AE:AE,B10,All!$C:$C,'All by Sport'!A10) -> 193
A11: 1 | B11: 1A | C11: =COUNTIFS(All!K:K,B11,All!$C:$C,'All by Sport'!A11) -> 5 | D11: =COUNTIFS(All!M:M,B11,All!$C:$C,'All by Sport'!A11) -> 6 | F11: =COUNTIFS(All!M:M,B11,All!$C:$C,'All by Sport'!A11) -> 6 | G11: =COUNTIFS(All!Q:Q,B11,All!$C:$C,'All by Sport'!A11) -> 3 | H11: =COUNTIFS(All!R:R,B11,All!$C:$C,'All by Sport'!A11) -> 2 | I11: =COUNTIFS(All!S:S,B11,All!$C:$C,'All by Sport'!A11) -> 2 | K11: =COUNTIFS(All!$B:$B,"private",All!X:X,'All by Sport'!B11,All!$C:$C,'All by Sport'!A11) -> 1 | L11: =COUNTIFS(All!Y:Y,'All by Sport'!B11,All!$C:$C,'All by Sport'!A11) -> 2 | M11: =COUNTIFS(All!Z:Z,'All by Sport'!B11,All!$C:$C,'All by Sport'!A11) -> 4 | O11: =COUNTIFS(All!AE:AE,B11,All!$C:$C,'All by Sport'!A11) -> 8
A12: 2 | B12: 1A | C12: =COUNTIFS(All!K:K,B12,All!$C:$C,'All by Sport'!A12) -> 11 | D12: =COUNTIFS(All!M:M,B12,All!$C:$C,'All by Sport'!A12) -> 12 | F12: =COUNTIFS(All!M:M,B12,All!$C:$C,'All by Sport'!A12) -> 12 | G12: =COUNTIFS(All!Q:Q,B12,All!$C:$C,'All by Sport'!A12) -> 10 | H12: =COUNTIFS(All!R:R,B12,All!$C:$C,'All by Sport'!A12) -> 1 | I12: =COUNTIFS(All!S:S,B12,All!$C:$C,'All by Sport'!A12) -> 3 | K12: =COUNTIFS(All!X:X,'All by Sport'!B12,All!C:C,'All by Sport'!A12) -> 5 | L12: =COUNTIFS(All!Y:Y,'All by Sport'!B12,All!$C:$C,'All by Sport'!A12) -> 3 | M12: =COUNTIFS(All!Z:Z,'All by Sport'!B12,All!$C:$C,'All by Sport'!A12) -> 15 | O12: =COUNTIFS(All!AE:AE,B12,All!$C:$C,'All by Sport'!A12) -> 8
A13: 3 | B13: 1A | C13: =COUNTIFS(All!K:K,B13,All!$C:$C,'All by Sport'!A13) -> 12 | D13: =COUNTIFS(All!M:M,B13,All!$C:$C,'All by Sport'!A13) -> 9 | F13: =COUNTIFS(All!M:M,B13,All!$C:$C,'All by Sport'!A13) -> 9 | G13: =COUNTIFS(All!Q:Q,B13,All!$C:$C,'All by Sport'!A13) -> 8 | H13: =COUNTIFS(All!R:R,B13,All!$C:$C,'All by Sport'!A13) -> 4 | I13: =COUNTIFS(All!S:S,B13,All!$C:$C,'All by Sport'!A13) -> 4 | K13: =COUNTIFS(All!X:X,'All by Sport'!B13,All!C:C,'All by Sport'!A13) -> 3 | L13: =COUNTIFS(All!Y:Y,'All by Sport'!B13,All!$C:$C,'All by Sport'!A13) -> 3 | M13: =COUNTIFS(All!Z:Z,'All by Sport'!B13,All!$C:$C,'All by Sport'!A13) -> 6 | O13: =COUNTIFS(All!AE:AE,B13,All!$C:$C,'All by Sport'!A13) -> 5
A14: 4 | B14: 1A | C14: =COUNTIFS(All!K:K,B14,All!$C:$C,'All by Sport'!A14) -> 5 | D14: =COUNTIFS(All!M:M,B14,All!$C:$C,'All by Sport'!A14) -> 5 | F14: =COUNTIFS(All!M:M,B14,All!$C:$C,'All by Sport'!A14) -> 5 | G14: =COUNTIFS(All!Q:Q,B14,All!$C:$C,'All by Sport'!A14) -> 6 | H14: =COUNTIFS(All!R:R,B14,All!$C:$C,'All by Sport'!A14) -> 3 | I14: =COUNTIFS(All!S:S,B14,All!$C:$C,'All by Sport'!A14) -> 2 | K14: =COUNTIFS(All!X:X,'All by Sport'!B14,All!C:C,'All by Sport'!A14) -> 0 | L14: =COUNTIFS(All!Y:Y,'All by Sport'!B14,All!$C:$C,'All by Sport'!A14) -> 2 | M14: =COUNTIFS(All!Z:Z,'All by Sport'!B14,All!$C:$C,'All by Sport'!A14) -> 4 | O14: =COUNTIFS(All!AE:AE,B14,All!$C:$C,'All by Sport'!A14) -> 1
A15: 5 | B15: 1A | C15: =COUNTIFS(All!K:K,B15,All!$C:$C,'All by Sport'!A15) -> 8 | D15: =COUNTIFS(All!M:M,B15,All!$C:$C,'All by Sport'!A15) -> 6 | F15: =COUNTIFS(All!M:M,B15,All!$C:$C,'All by Sport'!A15) -> 6 | G15: =COUNTIFS(All!Q:Q,B15,All!$C:$C,'All by Sport'!A15) -> 5 | H15: =COUNTIFS(All!R:R,B15,All!$C:$C,'All by Sport'!A15) -> 1 | I15: =COUNTIFS(All!S:S,B15,All!$C:$C,'All by Sport'!A15) -> 1 | K15: =COUNTIFS(All!X:X,'All by Sport'!B15,All!C:C,'All by Sport'!A15) -> 3 | L15: =COUNTIFS(All!Y:Y,'All by Sport'!B15,All!$C:$C,'All by Sport'!A15) -> 2 | M15: =COUNTIFS(All!Z:Z,'All by Sport'!B15,All!$C:$C,'All by Sport'!A15) -> 5 | O15: =COUNTIFS(All!AE:AE,B15,All!$C:$C,'All by Sport'!A15) -> 0
A16: 6 | B16: 1A | C16: =COUNTIFS(All!K:K,B16,All!$C:$C,'All by Sport'!A16) -> 2 | D16: =COUNTIFS(All!M:M,B16,All!$C:$C,'All by Sport'!A16) -> 3 | F16: =COUNTIFS(All!M:M,B16,All!$C:$C,'All by Sport'!A16) -> 3 | G16: =COUNTIFS(All!Q:Q,B16,All!$C:$C,'All by Sport'!A16) -> 0 | H16: =COUNTIFS(All!R:R,B16,All!$C:$C,'All by Sport'!A16) -> 0 | I16: =COUNTIFS(All!S:S,B16,All!$C:$C,'All by Sport'!A16) -> 1 | K16: =COUNTIFS(All!X:X,'All by Sport'!B16,All!C:C,'All by Sport'!A16) -> 2 | L16: =COUNTIFS(All!Y:Y,'All by Sport'!B16,All!$C:$C,'All by Sport'!A16) -> 1 | M16: =COUNTIFS(All!Z:Z,'All by Sport'!B16,All!$C:$C,'All by Sport'!A16) -> 2 | O16: =COUNTIFS(All!AE:AE,B16,All!$C:$C,'All by Sport'!A16) -> 0
A17: 7 | B17: 1A | C17: =COUNTIFS(All!K:K,B17,All!$C:$C,'All by Sport'!A17) -> 6 | D17: =COUNTIFS(All!M:M,B17,All!$C:$C,'All by Sport'!A17) -> 4 | F17: =COUNTIFS(All!M:M,B17,All!$C:$C,'All by Sport'!A17) -> 4 | G17: =COUNTIFS(All!Q:Q,B17,All!$C:$C,'All by Sport'!A17) -> 2 | H17: =COUNTIFS(All!R:R,B17,All!$C:$C,'All by Sport'!A17) -> 1 | I17: =COUNTIFS(All!S:S,B17,All!$C:$C,'All by Sport'!A17) -> 1 | K17: =COUNTIFS(All!X:X,'All by Sport'!B17,All!C:C,'All by Sport'!A17) -> 3 | L17: =COUNTIFS(All!Y:Y,'All by Sport'!B17,All!$C:$C,'All by Sport'!A17) -> 3 | M17: =COUNTIFS(All!Z:Z,'All by Sport'!B17,All!$C:$C,'All by Sport'!A17) -> 7 | O17: =COUNTIFS(All!AE:AE,B17,All!$C:$C,'All by Sport'!A17) -> 0
C19: =SUM(C11:C18) -> 49 | D19: =SUM(D11:D18) -> 45 | F19: =SUM(F11:F18) -> 45 | G19: =SUM(G11:G18) -> 34 | H19: =SUM(H11:H18) -> 12 | I19: =SUM(I11:I18) -> 14 | K19: =SUM(K11:K18) -> 17 | L19: =SUM(L11:L18) -> 16 | M19: =SUM(M11:M18) -> 43 | O19: =SUM(O11:O18) -> 22
A21: 1 | B21: 2A | C21: =COUNTIFS(All!K:K,B21,All!$C:$C,'All by Sport'!A21) -> 6 | D21: =COUNTIFS(All!M:M,B21,All!$C:$C,'All by Sport'!A21) -> 4 | F21: =COUNTIFS(All!M:M,B21,All!$C:$C,'All by Sport'!A21) -> 4 | G21: =COUNTIFS(All!Q:Q,B21,All!$C:$C,'All by Sport'!A21) -> 6 | H21: =COUNTIFS(All!R:R,B21,All!$C:$C,'All by Sport'!A21) -> 2 | I21: =COUNTIFS(All!S:S,B21,All!$C:$C,'All by Sport'!A21) -> 1 | K21: =COUNTIFS(All!$B:$B,"private",All!X:X,'All by Sport'!B21,All!$C:$C,'All by Sport'!A21) -> 4 | L21: =COUNTIFS(All!Y:Y,'All by Sport'!B21,All!$C:$C,'All by Sport'!A21) -> 4 | M21: =COUNTIFS(All!Z:Z,'All by Sport'!B21,All!$C:$C,'All by Sport'!A21) -> 6
A22: 2 | B22: 2A | C22: =COUNTIFS(All!K:K,B22,All!$C:$C,'All by Sport'!A22) -> 6 | D22: =COUNTIFS(All!M:M,B22,All!$C:$C,'All by Sport'!A22) -> 5 | F22: =COUNTIFS(All!M:M,B22,All!$C:$C,'All by Sport'!A22) -> 5 | G22: =COUNTIFS(All!Q:Q,B22,All!$C:$C,'All by Sport'!A22) -> 5 | H22: =COUNTIFS(All!R:R,B22,All!$C:$C,'All by Sport'!A22) -> 4 | I22: =COUNTIFS(All!S:S,B22,All!$C:$C,'All by Sport'!A22) -> 3 | K22: =COUNTIFS(All!X:X,'All by Sport'!B22,All!C:C,'All by Sport'!A22) -> 5 | L22: =COUNTIFS(All!Y:Y,'All by Sport'!B22,All!$C:$C,'All by Sport'!A22) -> 4 | M22: =COUNTIFS(All!Z:Z,'All by Sport'!B22,All!$C:$C,'All by Sport'!A22) -> 1
A23: 3 | B23: 2A | C23: =COUNTIFS(All!K:K,B23,All!$C:$C,'All by Sport'!A23) -> 7 | D23: =COUNTIFS(All!M:M,B23,All!$C:$C,'All by Sport'!A23) -> 3 | F23: =COUNTIFS(All!M:M,B23,All!$C:$C,'All by Sport'!A23) -> 3 | G23: =COUNTIFS(All!Q:Q,B23,All!$C:$C,'All by Sport'!A23) -> 6 | H23: =COUNTIFS(All!R:R,B23,All!$C:$C,'All by Sport'!A23) -> 7 | I23: =COUNTIFS(All!S:S,B23,All!$C:$C,'All by Sport'!A23) -> 4 | K23: =COUNTIFS(All!X:X,'All by Sport'!B23,All!C:C,'All by Sport'!A23) -> 3 | L23: =COUNTIFS(All!Y:Y,'All by Sport'!B23,All!$C:$C,'All by Sport'!A23) -> 4 | M23: =COUNTIFS(All!Z:Z,'All by Sport'!B23,All!$C:$C,'All by Sport'!A23) -> 8
A24: 4 | B24: 2A | C24: =COUNTIFS(All!K:K,B24,All!$C:$C,'All by Sport'!A24) -> 1 | D24: =COUNTIFS(All!M:M,B24,All!$C:$C,'All by Sport'!A24) -> 5 | F24: =COUNTIFS(All!M:M,B24,All!$C:$C,'All by Sport'!A24) -> 5 | G24: =COUNTIFS(All!Q:Q,B24,All!$C:$C,'All by Sport'!A24) -> 3 | H24: =COUNTIFS(All!R:R,B24,All!$C:$C,'All by Sport'!A24) -> 0 | I24: =COUNTIFS(All!S:S,B24,All!$C:$C,'All by Sport'!A24) -> 0 | K24: =COUNTIFS(All!X:X,'All by Sport'!B24,All!C:C,'All by Sport'!A24) -> 6 | L24: =COUNTIFS(All!Y:Y,'All by Sport'!B24,All!$C:$C,'All by Sport'!A24) -> 5 | M24: =COUNTIFS(All!Z:Z,'All by Sport'!B24,All!$C:$C,'All by Sport'!A24) -> 1
A25: 5 | B25: 2A | C25: =COUNTIFS(All!K:K,B25,All!$C:$C,'All by Sport'!A25) -> 0 | D25: =COUNTIFS(All!M:M,B25,All!$C:$C,'All by Sport'!A25) -> 3 | F25: =COUNTIFS(All!M:M,B25,All!$C:$C,'All by Sport'!A25) -> 3 | G25: =COUNTIFS(All!Q:Q,B25,All!$C:$C,'All by Sport'!A25) -> 4 | H25: =COUNTIFS(All!R:R,B25,All!$C:$C,'All by Sport'!A25) -> 0 | I25: =COUNTIFS(All!S:S,B25,All!$C:$C,'All by Sport'!A25) -> 0 | K25: =COUNTIFS(All!X:X,'All by Sport'!B25,All!C:C,'All by Sport'!A25) -> 4 | L25: =COUNTIFS(All!Y:Y,'All by Sport'!B25,All!$C:$C,'All by Sport'!A25) -> 2 | M25: =COUNTIFS(All!Z:Z,'All by Sport'!B25,All!$C:$C,'All by Sport'!A25) -> 0
A26: 6 | B26: 2A | C26: =COUNTIFS(All!K:K,B26,All!$C:$C,'All by Sport'!A26) -> 1 | D26: =COUNTIFS(All!M:M,B26,All!$C:$C,'All by Sport'!A26) -> 1 | F26: =COUNTIFS(All!M:M,B26,All!$C:$C,'All by Sport'!A26) -> 1 | G26: =COUNTIFS(All!Q:Q,B26,All!$C:$C,'All by Sport'!A26) -> 1 | H26: =COUNTIFS(All!R:R,B26,All!$C:$C,'All by Sport'!A26) -> 0 | I26: =COUNTIFS(All!S:S,B26,All!$C:$C,'All by Sport'!A26) -> 0 | K26: =COUNTIFS(All!X:X,'All by Sport'!B26,All!C:C,'All by Sport'!A26) -> 1 | L26: =COUNTIFS(All!Y:Y,'All by Sport'!B26,All!$C:$C,'All by Sport'!A26) -> 2 | M26: =COUNTIFS(All!Z:Z,'All by Sport'!B26,All!$C:$C,'All by Sport'!A26) -> 1
A27: 7 | B27: 2A | C27: =COUNTIFS(All!K:K,B27,All!$C:$C,'All by Sport'!A27) -> 1 | D27: =COUNTIFS(All!M:M,B27,All!$C:$C,'All by Sport'!A27) -> 4 | F27: =COUNTIFS(All!M:M,B27,All!$C:$C,'All by Sport'!A27) -> 4 | G27: =COUNTIFS(All!Q:Q,B27,All!$C:$C,'All by Sport'!A27) -> 5 | H27: =COUNTIFS(All!R:R,B27,All!$C:$C,'All by Sport'!A27) -> 0 | I27: =COUNTIFS(All!S:S,B27,All!$C:$C,'All by Sport'!A27) -> 0 | K27: =COUNTIFS(All!X:X,'All by Sport'!B27,All!C:C,'All by Sport'!A27) -> 5 | L27: =COUNTIFS(All!Y:Y,'All by Sport'!B27,All!$C:$C,'All by Sport'!A27) -> 4 | M27: =COUNTIFS(All!Z:Z,'All by Sport'!B27,All!$C:$C,'All by Sport'!A27) -> 0
C29: =SUM(C21:C28) -> 22 | D29: =SUM(D21:D28) -> 25 | F29: =SUM(F21:F28) -> 25 | G29: =SUM(G21:G28) -> 30 | H29: =SUM(H21:H28) -> 13 | I29: =SUM(I21:I28) -> 8 | K29: =SUM(K21:K28) -> 28 | L29: =SUM(L21:L28) -> 25 | M29: =SUM(M21:M28) -> 17
A31: 1 | B31: 3A | C31: =COUNTIFS(All!K:K,B31,All!$C:$C,'All by Sport'!A31) -> 5 | D31: =COUNTIFS(All!M:M,B31,All!$C:$C,'All by Sport'!A31) -> 5 | F31: =COUNTIFS(All!M:M,B31,All!$C:$C,'All by Sport'!A31) -> 5 | G31: =COUNTIFS(All!Q:Q,B31,All!$C:$C,'All by Sport'!A31) -> 3 | H31: =COUNTIFS(All!R:R,B31,All!$C:$C,'All by Sport'!A31) -> 2 | I31: =COUNTIFS(All!S:S,B31,All!$C:$C,'All by Sport'!A31) -> 1 | K31: =COUNTIFS(All!$B:$B,"private",All!X:X,'All by Sport'!B31,All!$C:$C,'All by Sport'!A31) -> 4 | L31: =COUNTIFS(All!Y:Y,'All by Sport'!B31,All!$C:$C,'All by Sport'!A31) -> 3 | M31: =COUNTIFS(All!Z:Z,'All by Sport'!B31,All!$C:$C,'All by Sport'!A31) -> 3
A32: 2 | B32: 3A | C32: =COUNTIFS(All!K:K,B32,All!$C:$C,'All by Sport'!A32) -> 3 | D32: =COUNTIFS(All!M:M,B32,All!$C:$C,'All by Sport'!A32) -> 3 | F32: =COUNTIFS(All!M:M,B32,All!$C:$C,'All by Sport'!A32) -> 3 | G32: =COUNTIFS(All!Q:Q,B32,All!$C:$C,'All by Sport'!A32) -> 4 | H32: =COUNTIFS(All!R:R,B32,All!$C:$C,'All by Sport'!A32) -> 1 | I32: =COUNTIFS(All!S:S,B32,All!$C:$C,'All by Sport'!A32) -> 1 | K32: =COUNTIFS(All!X:X,'All by Sport'!B32,All!C:C,'All by Sport'!A32) -> 3 | L32: =COUNTIFS(All!Y:Y,'All by Sport'!B32,All!$C:$C,'All by Sport'!A32) -> 1 | M32: =COUNTIFS(All!Z:Z,'All by Sport'!B32,All!$C:$C,'All by Sport'!A32) -> 3
A33: 3 | B33: 3A | C33: =COUNTIFS(All!K:K,B33,All!$C:$C,'All by Sport'!A33) -> 1 | D33: =COUNTIFS(All!M:M,B33,All!$C:$C,'All by Sport'!A33) -> 8 | F33: =COUNTIFS(All!M:M,B33,All!$C:$C,'All by Sport'!A33) -> 8 | G33: =COUNTIFS(All!Q:Q,B33,All!$C:$C,'All by Sport'!A33) -> 4 | H33: =COUNTIFS(All!R:R,B33,All!$C:$C,'All by Sport'!A33) -> 1 | I33: =COUNTIFS(All!S:S,B33,All!$C:$C,'All by Sport'!A33) -> 1 | K33: =COUNTIFS(All!X:X,'All by Sport'!B33,All!C:C,'All by Sport'!A33) -> 8 | L33: =COUNTIFS(All!Y:Y,'All by Sport'!B33,All!$C:$C,'All by Sport'!A33) -> 8 | M33: =COUNTIFS(All!Z:Z,'All by Sport'!B33,All!$C:$C,'All by Sport'!A33) -> 1
A34: 4 | B34: 3A | C34: =COUNTIFS(All!K:K,B34,All!$C:$C,'All by Sport'!A34) -> 1 | D34: =COUNTIFS(All!M:M,B34,All!$C:$C,'All by Sport'!A34) -> 0 | F34: =COUNTIFS(All!M:M,B34,All!$C:$C,'All by Sport'!A34) -> 0 | G34: =COUNTIFS(All!Q:Q,B34,All!$C:$C,'All by Sport'!A34) -> 2 | H34: =COUNTIFS(All!R:R,B34,All!$C:$C,'All by Sport'!A34) -> 0 | I34: =COUNTIFS(All!S:S,B34,All!$C:$C,'All by Sport'!A34) -> 0 | K34: =COUNTIFS(All!X:X,'All by Sport'!B34,All!C:C,'All by Sport'!A34) -> 3 | L34: =COUNTIFS(All!Y:Y,'All by Sport'!B34,All!$C:$C,'All by Sport'!A34) -> 0 | M34: =COUNTIFS(All!Z:Z,'All by Sport'!B34,All!$C:$C,'All by Sport'!A34) -> 1
A35: 5 | B35: 3A | C35: =COUNTIFS(All!K:K,B35,All!$C:$C,'All by Sport'!A35) -> 0 | D35: =COUNTIFS(All!M:M,B35,All!$C:$C,'All by Sport'!A35) -> 0 | F35: =COUNTIFS(All!M:M,B35,All!$C:$C,'All by Sport'!A35) -> 0 | G35: =COUNTIFS(All!Q:Q,B35,All!$C:$C,'All by Sport'!A35) -> 0 | H35: =COUNTIFS(All!R:R,B35,All!$C:$C,'All by Sport'!A35) -> 0 | I35: =COUNTIFS(All!S:S,B35,All!$C:$C,'All by Sport'!A35) -> 0 | K35: =COUNTIFS(All!X:X,'All by Sport'!B35,All!C:C,'All by Sport'!A35) -> 0 | L35: =COUNTIFS(All!Y:Y,'All by Sport'!B35,All!$C:$C,'All by Sport'!A35) -> 0 | M35: =COUNTIFS(All!Z:Z,'All by Sport'!B35,All!$C:$C,'All by Sport'!A35) -> 0
A36: 6 | B36: 3A | C36: =COUNTIFS(All!K:K,B36,All!$C:$C,'All by Sport'!A36) -> 0 | D36: =COUNTIFS(All!M:M,B36,All!$C:$C,'All by Sport'!A36) -> 1 | F36: =COUNTIFS(All!M:M,B36,All!$C:$C,'All by Sport'!A36) -> 1 | G36: =COUNTIFS(All!Q:Q,B36,All!$C:$C,'All by Sport'!A36) -> 1 | H36: =COUNTIFS(All!R:R,B36,All!$C:$C,'All by Sport'!A36) -> 0 | I36: =COUNTIFS(All!S:S,B36,All!$C:$C,'All by Sport'!A36) -> 0 | K36: =COUNTIFS(All!X:X,'All by Sport'!B36,All!C:C,'All by Sport'!A36) -> 1 | L36: =COUNTIFS(All!Y:Y,'All by Sport'!B36,All!$C:$C,'All by Sport'!A36) -> 0 | M36: =COUNTIFS(All!Z:Z,'All by Sport'!B36,All!$C:$C,'All by Sport'!A36) -> 0
A37: 7 | B37: 3A | C37: =COUNTIFS(All!K:K,B37,All!$C:$C,'All by Sport'!A37) -> 0 | D37: =COUNTIFS(All!M:M,B37,All!$C:$C,'All by Sport'!A37) -> 1 | F37: =COUNTIFS(All!M:M,B37,All!$C:$C,'All by Sport'!A37) -> 1 | G37: =COUNTIFS(All!Q:Q,B37,All!$C:$C,'All by Sport'!A37) -> 0 | H37: =COUNTIFS(All!R:R,B37,All!$C:$C,'All by Sport'!A37) -> 0 | I37: =COUNTIFS(All!S:S,B37,All!$C:$C,'All by Sport'!A37) -> 0 | K37: =COUNTIFS(All!X:X,'All by Sport'!B37,All!C:C,'All by Sport'!A37) -> 0 | L37: =COUNTIFS(All!Y:Y,'All by Sport'!B37,All!$C:$C,'All by Sport'!A37) -> 0 | M37: =COUNTIFS(All!Z:Z,'All by Sport'!B37,All!$C:$C,'All by Sport'!A37) -> 0
C39: =SUM(C31:C38) -> 10 | D39: =SUM(D31:D38) -> 18 | F39: =SUM(F31:F38) -> 18 | G39: =SUM(G31:G38) -> 14 | H39: =SUM(H31:H38) -> 4 | I39: =SUM(I31:I38) -> 3 | K39: =SUM(K31:K38) -> 19 | L39: =SUM(L31:L38) -> 12 | M39: =SUM(M31:M38) -> 8
A41: 1 | B41: 4A | C41: =COUNTIFS(All!K:K,B41,All!$C:$C,'All by Sport'!A41) -> 0 | D41: =COUNTIFS(All!M:M,B41,All!$C:$C,'All by Sport'!A41) -> 4 | F41: =COUNTIFS(All!M:M,B41,All!$C:$C,'All by Sport'!A41) -> 4 | G41: =COUNTIFS(All!Q:Q,B41,All!$C:$C,'All by Sport'!A41) -> 4 | H41: =COUNTIFS(All!R:R,B41,All!$C:$C,'All by Sport'!A41) -> 0 | I41: =COUNTIFS(All!S:S,B41,All!$C:$C,'All by Sport'!A41) -> 0 | K41: =COUNTIFS(All!$B:$B,"private",All!X:X,'All by Sport'!B41,All!$C:$C,'All by Sport'!A41) -> 6 | L41: =COUNTIFS(All!Y:Y,'All by Sport'!B41,All!$C:$C,'All by Sport'!A41) -> 3 | M41: =COUNTIFS(All!Z:Z,'All by Sport'!B41,All!$C:$C,'All by Sport'!A41) -> 0
A42: 2 | B42: 4A | C42: =COUNTIFS(All!K:K,B42,All!$C:$C,'All by Sport'!A42) -> 0 | D42: =COUNTIFS(All!M:M,B42,All!$C:$C,'All by Sport'!A42) -> 2 | F42: =COUNTIFS(All!M:M,B42,All!$C:$C,'All by Sport'!A42) -> 2 | G42: =COUNTIFS(All!Q:Q,B42,All!$C:$C,'All by Sport'!A42) -> 3 | H42: =COUNTIFS(All!R:R,B42,All!$C:$C,'All by Sport'!A42) -> 0 | I42: =COUNTIFS(All!S:S,B42,All!$C:$C,'All by Sport'!A42) -> 0 | K42: =COUNTIFS(All!X:X,'All by Sport'!B42,All!C:C,'All by Sport'!A42) -> 3 | L42: =COUNTIFS(All!Y:Y,'All by Sport'!B42,All!$C:$C,'All by Sport'!A42) -> 3 | M42: =COUNTIFS(All!Z:Z,'All by Sport'!B42,All!$C:$C,'All by Sport'!A42) -> 0
A43: 3 | B43: 4A | C43: =COUNTIFS(All!K:K,B43,All!$C:$C,'All by Sport'!A43) -> 0 | D43: =COUNTIFS(All!M:M,B43,All!$C:$C,'All by Sport'!A43) -> 2 | F43: =COUNTIFS(All!M:M,B43,All!$C:$C,'All by Sport'!A43) -> 2 | G43: =COUNTIFS(All!Q:Q,B43,All!$C:$C,'All by Sport'!A43) -> 3 | H43: =COUNTIFS(All!R:R,B43,All!$C:$C,'All by Sport'!A43) -> 0 | I43: =COUNTIFS(All!S:S,B43,All!$C:$C,'All by Sport'!A43) -> 0 | K43: =COUNTIFS(All!X:X,'All by Sport'!B43,All!C:C,'All by Sport'!A43) -> 2 | L43: =COUNTIFS(All!Y:Y,'All by Sport'!B43,All!$C:$C,'All by Sport'!A43) -> 1 | M43: =COUNTIFS(All!Z:Z,'All by Sport'!B43,All!$C:$C,'All by Sport'!A43) -> 0
A44: 4 | B44: 4A | C44: =COUNTIFS(All!K:K,B44,All!$C:$C,'All by Sport'!A44) -> 0 | D44: =COUNTIFS(All!M:M,B44,All!$C:$C,'All by Sport'!A44) -> 0 | F44: =COUNTIFS(All!M:M,B44,All!$C:$C,'All by Sport'!A44) -> 0 | G44: =COUNTIFS(All!Q:Q,B44,All!$C:$C,'All by Sport'!A44) -> 0 | H44: =COUNTIFS(All!R:R,B44,All!$C:$C,'All by Sport'!A44) -> 0 | I44: =COUNTIFS(All!S:S,B44,All!$C:$C,'All by Sport'!A44) -> 0 | K44: =COUNTIFS(All!X:X,'All by Sport'!B44,All!C:C,'All by Sport'!A44) -> 0 | L44: =COUNTIFS(All!Y:Y,'All by Sport'!B44,All!$C:$C,'All by Sport'!A44) -> 0 | M44: =COUNTIFS(All!Z:Z,'All by Sport'!B44,All!$C:$C,'All by Sport'!A44) -> 0
A45: 5 | B45: 4A | C45: =COUNTIFS(All!K:K,B45,All!$C:$C,'All by Sport'!A45) -> 0 | D45: =COUNTIFS(All!M:M,B45,All!$C:$C,'All by Sport'!A45) -> 0 | F45: =COUNTIFS(All!M:M,B45,All!$C:$C,'All by Sport'!A45) -> 0 | G45: =COUNTIFS(All!Q:Q,B45,All!$C:$C,'All by Sport'!A45) -> 0 | H45: =COUNTIFS(All!R:R,B45,All!$C:$C,'All by Sport'!A45) -> 0 | I45: =COUNTIFS(All!S:S,B45,All!$C:$C,'All by Sport'!A45) -> 0 | K45: =COUNTIFS(All!X:X,'All by Sport'!B45,All!C:C,'All by Sport'!A45) -> 0 | L45: =COUNTIFS(All!Y:Y,'All by Sport'!B45,All!$C:$C,'All by Sport'!A45) -> 0 | M45: =COUNTIFS(All!Z:Z,'All by Sport'!B45,All!$C:$C,'All by Sport'!A45) -> 0
A46: 6 | B46: 4A | C46: =COUNTIFS(All!K:K,B46,All!$C:$C,'All by Sport'!A46) -> 0 | D46: =COUNTIFS(All!M:M,B46,All!$C:$C,'All by Sport'!A46) -> 0 | F46: =COUNTIFS(All!M:M,B46,All!$C:$C,'All by Sport'!A46) -> 0 | G46: =COUNTIFS(All!Q:Q,B46,All!$C:$C,'All by Sport'!A46) -> 0 | H46: =COUNTIFS(All!R:R,B46,All!$C:$C,'All by Sport'!A46) -> 0 | I46: =COUNTIFS(All!S:S,B46,All!$C:$C,'All by Sport'!A46) -> 0 | K46: =COUNTIFS(All!X:X,'All by Sport'!B46,All!C:C,'All by Sport'!A46) -> 0 | L46: =COUNTIFS(All!Y:Y,'All by Sport'!B46,All!$C:$C,'All by Sport'!A46) -> 0 | M46: =COUNTIFS(All!Z:Z,'All by Sport'!B46,All!$C:$C,'All by Sport'!A46) -> 0
A47: 7 | B47: 4A | C47: =COUNTIFS(All!K:K,B47,All!$C:$C,'All by Sport'!A47) -> 0 | D47: =COUNTIFS(All!M:M,B47,All!$C:$C,'All by Sport'!A47) -> 0 | F47: =COUNTIFS(All!M:M,B47,All!$C:$C,'All by Sport'!A47) -> 0 | G47: =COUNTIFS(All!Q:Q,B47,All!$C:$C,'All by Sport'!A47) -> 0 | H47: =COUNTIFS(All!R:R,B47,All!$C:$C,'All by Sport'!A47) -> 0 | I47: =COUNTIFS(All!S:S,B47,All!$C:$C,'All by Sport'!A47) -> 0 | K47: =COUNTIFS(All!X:X,'All by Sport'!B47,All!C:C,'All by Sport'!A47) -> 0 | L47: =COUNTIFS(All!Y:Y,'All by Sport'!B47,All!$C:$C,'All by Sport'!A47) -> 0 | M47: =COUNTIFS(All!Z:Z,'All by Sport'!B47,All!$C:$C,'All by Sport'!A47) -> 0
C49: =SUM(C41:C48) -> 0 | D49: =SUM(D41:D48) -> 8 | F49: =SUM(F41:F48) -> 8 | G49: =SUM(G41:G48) -> 10 | H49: =SUM(H41:H48) -> 0 | I49: =SUM(I41:I48) -> 0 | K49: =SUM(K41:K48) -> 11 | L49: =SUM(L41:L48) -> 7 | M49: =SUM(M41:M48) -> 0

Sheet Private by Sport
C1: K | D1: M | F1: P | G1: Q | H1: R | I1: S | K1: X | L1: Y | M1: Z | O1: AE
C2: SOB | D2: VBG | F2: BKB | G2: BKG | H2: CHC | I2: DAC | K2: BA | L2: SOG | M2: SBG | O2: FF
B3: 1A | C3: =COUNTIFS(All!B:B,"private",All!K:K,'Private by Sport'!B3) -> 48 | D3: =COUNTIFS(All!B:B,"private",All!M:M,'Private by Sport'!B3) -> 44 | F3: =COUNTIFS(All!B:B,"private",All!P:P,'Private by Sport'!B3) -> 43 | G3: =COUNTIFS(All!B:B,"private",All!Q:Q,'Private by Sport'!B3) -> 34 | H3: =COUNTIFS(All!B:B,"private",All!R:R,'Private by Sport'!B3) -> 12 | I3: =COUNTIFS(All!B:B,"private",All!S:S,'Private by Sport'!B3) -> 13 | K3: =COUNTIFS(All!B:B,"private",All!X:X,'Private by Sport'!B3) -> 17 | L3: =COUNTIFS(All!B:B,"private",All!Y:Y,'Private by Sport'!B3) -> 16 | M3: =COUNTIFS(All!B:B,"private",All!Z:Z,'Private by Sport'!B3) -> 42 | O3: =COUNTIFS(All!B:B,"private",All!AE:AE,'Private by Sport'!B3) -> 21
B4: 2A | C4: =COUNTIFS(All!B:B,"private",All!K:K,'Private by Sport'!B4) -> 22 | D4: =COUNTIFS(All!B:B,"private",All!M:M,'Private by Sport'!B4) -> 25 | F4: =COUNTIFS(All!B:B,"private",All!P:P,'Private by Sport'!B4) -> 26 | G4: =COUNTIFS(All!B:B,"private",All!Q:Q,'Private by Sport'!B4) -> 29 | H4: =COUNTIFS(All!B:B,"private",All!R:R,'Private by Sport'!B4) -> 13 | I4: =COUNTIFS(All!B:B,"private",All!S:S,'Private by Sport'!B4) -> 8 | K4: =COUNTIFS(All!B:B,"private",All!X:X,'Private by Sport'!B4) -> 28 | L4: =COUNTIFS(All!B:B,"private",All!Y:Y,'Private by Sport'!B4) -> 24 | M4: =COUNTIFS(All!B:B,"private",All!Z:Z,'Private by Sport'!B4) -> 17 | O4: =COUNTIFS(All!B:B,"private",All!AE:AE,'Private by Sport'!B4) -> 0
B5: 3A | C5: =COUNTIFS(All!B:B,"private",All!K:K,'Private by Sport'!B5) -> 10 | D5: =COUNTIFS(All!B:B,"private",All!M:M,'Private by Sport'!B5) -> 18 | F5: =COUNTIFS(All!B:B,"private",All!P:P,'Private by Sport'!B5) -> 18 | G5: =COUNTIFS(All!B:B,"private",All!Q:Q,'Private by Sport'!B5) -> 14 | H5: =COUNTIFS(All!B:B,"private",All!R:R,'Private by Sport'!B5) -> 4 | I5: =COUNTIFS(All!B:B,"private",All!S:S,'Private by Sport'!B5) -> 3 | K5: =COUNTIFS(All!B:B,"private",All!X:X,'Private by Sport'!B5) -> 19 | L5: =COUNTIFS(All!B:B,"private",All!Y:Y,'Private by Sport'!B5) -> 12 | M5: =COUNTIFS(All!B:B,"private",All!Z:Z,'Private by Sport'!B5) -> 8 | O5: =COUNTIFS(All!B:B,"private",All!AE:AE,'Private by Sport'!B5) -> 0
B6: 4A | C6: =COUNTIFS(All!B:B,"private",All!K:K,'Private by Sport'!B6) -> 0 | D6: =COUNTIFS(All!B:B,"private",All!M:M,'Private by Sport'!B6) -> 8 | F6: =COUNTIFS(All!B:B,"private",All!P:P,'Private by Sport'!B6) -> 10 | G6: =COUNTIFS(All!B:B,"private",All!Q:Q,'Private by Sport'!B6) -> 10 | H6: =COUNTIFS(All!B:B,"private",All!R:R,'Private by Sport'!B6) -> 0 | I6: =COUNTIFS(All!B:B,"private",All!S:S,'Private by Sport'!B6) -> 0 | K6: =COUNTIFS(All!B:B,"private",All!X:X,'Private by Sport'!B6) -> 11 | L6: =COUNTIFS(All!B:B,"private",All!Y:Y,'Private by Sport'!B6) -> 7 | M6: =COUNTIFS(All!B:B,"private",All!Z:Z,'Private by Sport'!B6) -> 0 | O6: =COUNTIFS(All!B:B,"private",All!AE:AE,'Private by Sport'!B6) -> 0
B7: C | H7: =COUNTIFS(All!B:B,"private",All!R:R,'Private by Sport'!B7) -> 0
A11: 1 | B11: 1A | C11: =COUNTIFS(All!B:B,"private",All!K:K,B11,All!$C:$C,'Private by Sport'!A11) -> 4 | D11: =COUNTIFS(All!B:B,"private",All!M:M,B11,All!$C:$C,'Private by Sport'!A11) -> 5 | F11: =COUNTIFS(All!B:B,"private",All!M:M,B11,All!$C:$C,'Private by Sport'!A11) -> 5 | G11: =COUNTIFS(All!B:B,"private",All!Q:Q,B11,All!$C:$C,'Private by Sport'!A11) -> 3 | H11: =COUNTIFS(All!B:B,"private",All!R:R,B11,All!$C:$C,'Private by Sport'!A11) -> 2 | I11: =COUNTIFS(All!B:B,"private",All!S:S,B11,All!$C:$C,'Private by Sport'!A11) -> 1 | K11: =COUNTIFS(All!$B:$B,"private",All!X:X,'Private by Sport'!B11,All!$C:$C,'Private by Sport'!A11) -> 1 | L11: =COUNTIFS(All!B:B,"private",All!Y:Y,'Private by Sport'!B11,All!$C:$C,'Private by Sport'!A11) -> 2 | M11: =COUNTIFS(All!B:B,"private",All!Z:Z,'Private by Sport'!B11,All!$C:$C,'Private by Sport'!A11) -> 3 | O11: =COUNTIFS(All!B:B,"private",All!AE:AE,'Private by Sport'!B11,All!$C:$C,'Private by Sport'!A11) -> 7
A12: 2 | B12: 1A | C12: =COUNTIFS(All!B:B,"private",All!K:K,B12,All!$C:$C,'Private by Sport'!A12) -> 11 | D12: =COUNTIFS(All!B:B,"private",All!M:M,B12,All!$C:$C,'Private by Sport'!A12) -> 12 | F12: =COUNTIFS(All!B:B,"private",All!M:M,B12,All!$C:$C,'Private by Sport'!A12) -> 12 | G12: =COUNTIFS(All!B:B,"private",All!Q:Q,B12,All!$C:$C,'Private by Sport'!A12) -> 10 | H12: =COUNTIFS(All!B:B,"private",All!R:R,B12,All!$C:$C,'Private by Sport'!A12) -> 1 | I12: =COUNTIFS(All!B:B,"private",All!S:S,B12,All!$C:$C,'Private by Sport'!A12) -> 3 | K12: =COUNTIFS(All!B:B,"private",All!X:X,'Private by Sport'!B12,All!C:C,'Private by Sport'!A12) -> 5 | L12: =COUNTIFS(All!B:B,"private",All!Y:Y,'Private by Sport'!B12,All!$C:$C,'Private by Sport'!A12) -> 3 | M12: =COUNTIFS(All!B:B,"private",All!Z:Z,'Private by Sport'!B12,All!$C:$C,'Private by Sport'!A12) -> 15 | O12: =COUNTIFS(All!B:B,"private",All!AE:AE,'Private by Sport'!B12,All!$C:$C,'Private by Sport'!A12) -> 8
A13: 3 | B13: 1A | C13: =COUNTIFS(All!B:B,"private",All!K:K,B13,All!$C:$C,'Private by Sport'!A13) -> 12 | D13: =COUNTIFS(All!B:B,"private",All!M:M,B13,All!$C:$C,'Private by Sport'!A13) -> 9 | F13: =COUNTIFS(All!B:B,"private",All!M:M,B13,All!$C:$C,'Private by Sport'!A13) -> 9 | G13: =COUNTIFS(All!B:B,"private",All!Q:Q,B13,All!$C:$C,'Private by Sport'!A13) -> 8 | H13: =COUNTIFS(All!B:B,"private",All!R:R,B13,All!$C:$C,'Private by Sport'!A13) -> 4 | I13: =COUNTIFS(All!B:B,"private",All!S:S,B13,All!$C:$C,'Private by Sport'!A13) -> 4 | K13: =COUNTIFS(All!B:B,"private",All!X:X,'Private by Sport'!B13,All!C:C,'Private by Sport'!A13) -> 3 | L13: =COUNTIFS(All!B:B,"private",All!Y:Y,'Private by Sport'!B13,All!$C:$C,'Private by Sport'!A13) -> 3 | M13: =COUNTIFS(All!B:B,"private",All!Z:Z,'Private by Sport'!B13,All!$C:$C,'Private by Sport'!A13) -> 6 | O13: =COUNTIFS(All!B:B,"private",All!AE:AE,'Private by Sport'!B13,All!$C:$C,'Private by Sport'!A13) -> 5
A14: 4 | B14: 1A | C14: =COUNTIFS(All!B:B,"private",All!K:K,B14,All!$C:$C,'Private by Sport'!A14) -> 5 | D14: =COUNTIFS(All!B:B,"private",All!M:M,B14,All!$C:$C,'Private by Sport'!A14) -> 5 | F14: =COUNTIFS(All!B:B,"private",All!M:M,B14,All!$C:$C,'Private by Sport'!A14) -> 5 | G14: =COUNTIFS(All!B:B,"private",All!Q:Q,B14,All!$C:$C,'Private by Sport'!A14) -> 6 | H14: =COUNTIFS(All!B:B,"private",All!R:R,B14,All!$C:$C,'Private by Sport'!A14) -> 3 | I14: =COUNTIFS(All!B:B,"private",All!S:S,B14,All!$C:$C,'Private by Sport'!A14) -> 2 | K14: =COUNTIFS(All!B:B,"private",All!X:X,'Private by Sport'!B14,All!C:C,'Private by Sport'!A14) -> 0 | L14: =COUNTIFS(All!B:B,"private",All!Y:Y,'Private by Sport'!B14,All!$C:$C,'Private by Sport'!A14) -> 2 | M14: =COUNTIFS(All!B:B,"private",All!Z:Z,'Private by Sport'!B14,All!$C:$C,'Private by Sport'!A14) -> 4 | O14: =COUNTIFS(All!B:B,"private",All!AE:AE,'Private by Sport'!B14,All!$C:$C,'Private by Sport'!A14) -> 1
A15: 5 | B15: 1A | C15: =COUNTIFS(All!B:B,"private",All!K:K,B15,All!$C:$C,'Private by Sport'!A15) -> 8 | D15: =COUNTIFS(All!B:B,"private",All!M:M,B15,All!$C:$C,'Private by Sport'!A15) -> 6 | F15: =COUNTIFS(All!B:B,"private",All!M:M,B15,All!$C:$C,'Private by Sport'!A15) -> 6 | G15: =COUNTIFS(All!B:B,"private",All!Q:Q,B15,All!$C:$C,'Private by Sport'!A15) -> 5 | H15: =COUNTIFS(All!B:B,"private",All!R:R,B15,All!$C:$C,'Private by Sport'!A15) -> 1 | I15: =COUNTIFS(All!B:B,"private",All!S:S,B15,All!$C:$C,'Private by Sport'!A15) -> 1 | K15: =COUNTIFS(All!B:B,"private",All!X:X,'Private by Sport'!B15,All!C:C,'Private by Sport'!A15) -> 3 | L15: =COUNTIFS(All!B:B,"private",All!Y:Y,'Private by Sport'!B15,All!$C:$C,'Private by Sport'!A15) -> 2 | M15: =COUNTIFS(All!B:B,"private",All!Z:Z,'Private by Sport'!B15,All!$C:$C,'Private by Sport'!A15) -> 5 | O15: =COUNTIFS(All!B:B,"private",All!AE:AE,'Private by Sport'!B15,All!$C:$C,'Private by Sport'!A15) -> 0
A16: 6 | B16: 1A | C16: =COUNTIFS(All!B:B,"private",All!K:K,B16,All!$C:$C,'Private by Sport'!A16) -> 2 | D16: =COUNTIFS(All!B:B,"private",All!M:M,B16,All!$C:$C,'Private by Sport'!A16) -> 3 | F16: =COUNTIFS(All!B:B,"private",All!M:M,B16,All!$C:$C,'Private by Sport'!A16) -> 3 | G16: =COUNTIFS(All!B:B,"private",All!Q:Q,B16,All!$C:$C,'Private by Sport'!A16) -> 0 | H16: =COUNTIFS(All!B:B,"private",All!R:R,B16,All!$C:$C,'Private by Sport'!A16) -> 0 | I16: =COUNTIFS(All!B:B,"private",All!S:S,B16,All!$C:$C,'Private by Sport'!A16) -> 1 | K16: =COUNTIFS(All!B:B,"private",All!X:X,'Private by Sport'!B16,All!C:C,'Private by Sport'!A16) -> 2 | L16: =COUNTIFS(All!B:B,"private",All!Y:Y,'Private by Sport'!B16,All!$C:$C,'Private by Sport'!A16) -> 1 | M16: =COUNTIFS(All!B:B,"private",All!Z:Z,'Private by Sport'!B16,All!$C:$C,'Private by Sport'!A16) -> 2 | O16: =COUNTIFS(All!B:B,"private",All!AE:AE,'Private by Sport'!B16,All!$C:$C,'Private by Sport'!A16) -> 0
A17: 7 | B17: 1A | C17: =COUNTIFS(All!B:B,"private",All!K:K,B17,All!$C:$C,'Private by Sport'!A17) -> 6 | D17: =COUNTIFS(All!B:B,"private",All!M:M,B17,All!$C:$C,'Private by Sport'!A17) -> 4 | F17: =COUNTIFS(All!B:B,"private",All!M:M,B17,All!$C:$C,'Private by Sport'!A17) -> 4 | G17: =COUNTIFS(All!B:B,"private",All!Q:Q,B17,All!$C:$C,'Private by Sport'!A17) -> 2 | H17: =COUNTIFS(All!B:B,"private",All!R:R,B17,All!$C:$C,'Private by Sport'!A17) -> 1 | I17: =COUNTIFS(All!B:B,"private",All!S:S,B17,All!$C:$C,'Private by Sport'!A17) -> 1 | K17: =COUNTIFS(All!B:B,"private",All!X:X,'Private by Sport'!B17,All!C:C,'Private by Sport'!A17) -> 3 | L17: =COUNTIFS(All!B:B,"private",All!Y:Y,'Private by Sport'!B17,All!$C:$C,'Private by Sport'!A17) -> 3 | M17: =COUNTIFS(All!B:B,"private",All!Z:Z,'Private by Sport'!B17,All!$C:$C,'Private by Sport'!A17) -> 7 | O17: =COUNTIFS(All!B:B,"private",All!AE:AE,'Private by Sport'!B17,All!$C:$C,'Private by Sport'!A17) -> 0
C19: =SUM(C11:C18) -> 48 | D19: =SUM(D11:D18) -> 44 | F19: =SUM(F11:F18) -> 44 | G19: =SUM(G11:G18) -> 34 | H19: =SUM(H11:H18) -> 12 | I19: =SUM(I11:I18) -> 13 | K19: =SUM(K11:K18) -> 17 | L19: =SUM(L11:L18) -> 16 | M19: =SUM(M11:M18) -> 42
A21: 1 | B21: 2A | C21: =COUNTIFS(All!B:B,"private",All!K:K,B21,All!$C:$C,'Private by Sport'!A21) -> 6 | D21: =COUNTIFS(All!B:B,"private",All!M:M,B21,All!$C:$C,'Private by Sport'!A21) -> 4 | F21: =COUNTIFS(All!B:B,"private",All!M:M,B21,All!$C:$C,'Private by Sport'!A21) -> 4 | G21: =COUNTIFS(All!B:B,"private",All!Q:Q,B21,All!$C:$C,'Private by Sport'!A21) -> 5 | H21: =COUNTIFS(All!B:B,"private",All!R:R,B21,All!$C:$C,'Private by Sport'!A21) -> 2 | I21: =COUNTIFS(All!B:B,"private",All!S:S,B21,All!$C:$C,'Private by Sport'!A21) -> 1 | K21: =COUNTIFS(All!$B:$B,"private",All!X:X,'Private by Sport'!B21,All!$C:$C,'Private by Sport'!A21) -> 4 | L21: =COUNTIFS(All!B:B,"private",All!Y:Y,'Private by Sport'!B21,All!$C:$C,'Private by Sport'!A21) -> 3 | M21: =COUNTIFS(All!B:B,"private",All!Z:Z,'Private by Sport'!B21,All!$C:$C,'Private by Sport'!A21) -> 6
A22: 2 | B22: 2A | C22: =COUNTIFS(All!B:B,"private",All!K:K,B22,All!$C:$C,'Private by Sport'!A22) -> 6 | D22: =COUNTIFS(All!B:B,"private",All!M:M,B22,All!$C:$C,'Private by Sport'!A22) -> 5 | F22: =COUNTIFS(All!B:B,"private",All!M:M,B22,All!$C:$C,'Private by Sport'!A22) -> 5 | G22: =COUNTIFS(All!B:B,"private",All!Q:Q,B22,All!$C:$C,'Private by Sport'!A22) -> 5 | H22: =COUNTIFS(All!B:B,"private",All!R:R,B22,All!$C:$C,'Private by Sport'!A22) -> 4 | I22: =COUNTIFS(All!B:B,"private",All!S:S,B22,All!$C:$C,'Private by Sport'!A22) -> 3 | K22: =COUNTIFS(All!B:B,"private",All!X:X,'Private by Sport'!B22,All!C:C,'Private by Sport'!A22) -> 5 | L22: =COUNTIFS(All!B:B,"private",All!Y:Y,'Private by Sport'!B22,All!$C:$C,'Private by Sport'!A22) -> 4 | M22: =COUNTIFS(All!B:B,"private",All!Z:Z,'Private by Sport'!B22,All!$C:$C,'Private by Sport'!A22) -> 1
A23: 3 | B23: 2A | C23: =COUNTIFS(All!B:B,"private",All!K:K,B23,All!$C:$C,'Private by Sport'!A23) -> 7 | D23: =COUNTIFS(All!B:B,"private",All!M:M,B23,All!$C:$C,'Private by Sport'!A23) -> 3 | F23: =COUNTIFS(All!B:B,"private",All!M:M,B23,All!$C:$C,'Private by Sport'!A23) -> 3 | G23: =COUNTIFS(All!B:B,"private",All!Q:Q,B23,All!$C:$C,'Private by Sport'!A23) -> 6 | H23: =COUNTIFS(All!B:B,"private",All!R:R,B23,All!$C:$C,'Private by Sport'!A23) -> 7 | I23: =COUNTIFS(All!B:B,"private",All!S:S,B23,All!$C:$C,'Private by Sport'!A23) -> 4 | K23: =COUNTIFS(All!B:B,"private",All!X:X,'Private by Sport'!B23,All!C:C,'Private by Sport'!A23) -> 3 | L23: =COUNTIFS(All!B:B,"private",All!Y:Y,'Private by Sport'!B23,All!$C:$C,'Private by Sport'!A23) -> 4 | M23: =COUNTIFS(All!B:B,"private",All!Z:Z,'Private by Sport'!B23,All!$C:$C,'Private by Sport'!A23) -> 8
A24: 4 | B24: 2A | C24: =COUNTIFS(All!B:B,"private",All!K:K,B24,All!$C:$C,'Private by Sport'!A24) -> 1 | D24: =COUNTIFS(All!B:B,"private",All!M:M,B24,All!$C:$C,'Private by Sport'!A24) -> 5 | F24: =COUNTIFS(All!B:B,"private",All!M:M,B24,All!$C:$C,'Private by Sport'!A24) -> 5 | G24: =COUNTIFS(All!B:B,"private",All!Q:Q,B24,All!$C:$C,'Private by Sport'!A24) -> 3 | H24: =COUNTIFS(All!B:B,"private",All!R:R,B24,All!$C:$C,'Private by Sport'!A24) -> 0 | I24: =COUNTIFS(All!B:B,"private",All!S:S,B24,All!$C:$C,'Private by Sport'!A24) -> 0 | K24: =COUNTIFS(All!B:B,"private",All!X:X,'Private by Sport'!B24,All!C:C,'Private by Sport'!A24) -> 6 | L24: =COUNTIFS(All!B:B,"private",All!Y:Y,'Private by Sport'!B24,All!$C:$C,'Private by Sport'!A24) -> 5 | M24: =COUNTIFS(All!B:B,"private",All!Z:Z,'Private by Sport'!B24,All!$C:$C,'Private by Sport'!A24) -> 1
A25: 5 | B25: 2A | C25: =COUNTIFS(All!B:B,"private",All!K:K,B25,All!$C:$C,'Private by Sport'!A25) -> 0 | D25: =COUNTIFS(All!B:B,"private",All!M:M,B25,All!$C:$C,'Private by Sport'!A25) -> 3 | F25: =COUNTIFS(All!B:B,"private",All!M:M,B25,All!$C:$C,'Private by Sport'!A25) -> 3 | G25: =COUNTIFS(All!B:B,"private",All!Q:Q,B25,All!$C:$C,'Private by Sport'!A25) -> 4 | H25: =COUNTIFS(All!B:B,"private",All!R:R,B25,All!$C:$C,'Private by Sport'!A25) -> 0 | I25: =COUNTIFS(All!B:B,"private",All!S:S,B25,All!$C:$C,'Private by Sport'!A25) -> 0 | K25: =COUNTIFS(All!B:B,"private",All!X:X,'Private by Sport'!B25,All!C:C,'Private by Sport'!A25) -> 4 | L25: =COUNTIFS(All!B:B,"private",All!Y:Y,'Private by Sport'!B25,All!$C:$C,'Private by Sport'!A25) -> 2 | M25: =COUNTIFS(All!B:B,"private",All!Z:Z,'Private by Sport'!B25,All!$C:$C,'Private by Sport'!A25) -> 0
A26: 6 | B26: 2A | C26: =COUNTIFS(All!B:B,"private",All!K:K,B26,All!$C:$C,'Private by Sport'!A26) -> 1 | D26: =COUNTIFS(All!B:B,"private",All!M:M,B26,All!$C:$C,'Private by Sport'!A26) -> 1 | F26: =COUNTIFS(All!B:B,"private",All!M:M,B26,All!$C:$C,'Private by Sport'!A26) -> 1 | G26: =COUNTIFS(All!B:B,"private",All!Q:Q,B26,All!$C:$C,'Private by Sport'!A26) -> 1 | H26: =COUNTIFS(All!B:B,"private",All!R:R,B26,All!$C:$C,'Private by Sport'!A26) -> 0 | I26: =COUNTIFS(All!B:B,"private",All!S:S,B26,All!$C:$C,'Private by Sport'!A26) -> 0 | K26: =COUNTIFS(All!B:B,"private",All!X:X,'Private by Sport'!B26,All!C:C,'Private by Sport'!A26) -> 1 | L26: =COUNTIFS(All!B:B,"private",All!Y:Y,'Private by Sport'!B26,All!$C:$C,'Private by Sport'!A26) -> 2 | M26: =COUNTIFS(All!B:B,"private",All!Z:Z,'Private by Sport'!B26,All!$C:$C,'Private by Sport'!A26) -> 1
A27: 7 | B27: 2A | C27: =COUNTIFS(All!B:B,"private",All!K:K,B27,All!$C:$C,'Private by Sport'!A27) -> 1 | D27: =COUNTIFS(All!B:B,"private",All!M:M,B27,All!$C:$C,'Private by Sport'!A27) -> 4 | F27: =COUNTIFS(All!B:B,"private",All!M:M,B27,All!$C:$C,'Private by Sport'!A27) -> 4 | G27: =COUNTIFS(All!B:B,"private",All!Q:Q,B27,All!$C:$C,'Private by Sport'!A27) -> 5 | H27: =COUNTIFS(All!B:B,"private",All!R:R,B27,All!$C:$C,'Private by Sport'!A27) -> 0 | I27: =COUNTIFS(All!B:B,"private",All!S:S,B27,All!$C:$C,'Private by Sport'!A27) -> 0 | K27: =COUNTIFS(All!B:B,"private",All!X:X,'Private by Sport'!B27,All!C:C,'Private by Sport'!A27) -> 5 | L27: =COUNTIFS(All!B:B,"private",All!Y:Y,'Private by Sport'!B27,All!$C:$C,'Private by Sport'!A27) -> 4 | M27: =COUNTIFS(All!B:B,"private",All!Z:Z,'Private by Sport'!B27,All!$C:$C,'Private by Sport'!A27) -> 0
C29: =SUM(C21:C28) -> 22 | D29: =SUM(D21:D28) -> 25 | F29: =SUM(F21:F28) -> 25 | G29: =SUM(G21:G28) -> 29 | H29: =SUM(H21:H28) -> 13 | I29: =SUM(I21:I28) -> 8 | K29: =SUM(K21:K28) -> 28 | L29: =SUM(L21:L28) -> 24 | M29: =SUM(M21:M28) -> 17
A31: 1 | B31: 3A | C31: =COUNTIFS(All!B:B,"private",All!K:K,B31,All!$C:$C,'Private by Sport'!A31) -> 5 | D31: =COUNTIFS(All!B:B,"private",All!M:M,B31,All!$C:$C,'Private by Sport'!A31) -> 5 | F31: =COUNTIFS(All!B:B,"private",All!M:M,B31,All!$C:$C,'Private by Sport'!A31) -> 5 | G31: =COUNTIFS(All!B:B,"private",All!Q:Q,B31,All!$C:$C,'Private by Sport'!A31) -> 3 | H31: =COUNTIFS(All!B:B,"private",All!R:R,B31,All!$C:$C,'Private by Sport'!A31) -> 2 | I31: =COUNTIFS(All!B:B,"private",All!S:S,B31,All!$C:$C,'Private by Sport'!A31) -> 1 | K31: =COUNTIFS(All!$B:$B,"private",All!X:X,'Private by Sport'!B31,All!$C:$C,'Private by Sport'!A31) -> 4 | L31: =COUNTIFS(All!B:B,"private",All!Y:Y,'Private by Sport'!B31,All!$C:$C,'Private by Sport'!A31) -> 3 | M31: =COUNTIFS(All!B:B,"private",All!Z:Z,'Private by Sport'!B31,All!$C:$C,'Private by Sport'!A31) -> 3
A32: 2 | B32: 3A | C32: =COUNTIFS(All!B:B,"private",All!K:K,B32,All!$C:$C,'Private by Sport'!A32) -> 3 | D32: =COUNTIFS(All!B:B,"private",All!M:M,B32,All!$C:$C,'Private by Sport'!A32) -> 3 | F32: =COUNTIFS(All!B:B,"private",All!M:M,B32,All!$C:$C,'Private by Sport'!A32) -> 3 | G32: =COUNTIFS(All!B:B,"private",All!Q:Q,B32,All!$C:$C,'Private by Sport'!A32) -> 4 | H32: =COUNTIFS(All!B:B,"private",All!R:R,B32,All!$C:$C,'Private by Sport'!A32) -> 1 | I32: =COUNTIFS(All!B:B,"private",All!S:S,B32,All!$C:$C,'Private by Sport'!A32) -> 1 | K32: =COUNTIFS(All!B:B,"private",All!X:X,'Private by Sport'!B32,All!C:C,'Private by Sport'!A32) -> 3 | L32: =COUNTIFS(All!B:B,"private",All!Y:Y,'Private by Sport'!B32,All!$C:$C,'Private by Sport'!A32) -> 1 | M32: =COUNTIFS(All!B:B,"private",All!Z:Z,'Private by Sport'!B32,All!$C:$C,'Private by Sport'!A32) -> 3
A33: 3 | B33: 3A | C33: =COUNTIFS(All!B:B,"private",All!K:K,B33,All!$C:$C,'Private by Sport'!A33) -> 1 | D33: =COUNTIFS(All!B:B,"private",All!M:M,B33,All!$C:$C,'Private by Sport'!A33) -> 8 | F33: =COUNTIFS(All!B:B,"private",All!M:M,B33,All!$C:$C,'Private by Sport'!A33) -> 8 | G33: =COUNTIFS(All!B:B,"private",All!Q:Q,B33,All!$C:$C,'Private by Sport'!A33) -> 4 | H33: =COUNTIFS(All!B:B,"private",All!R:R,B33,All!$C:$C,'Private by Sport'!A33) -> 1 | I33: =COUNTIFS(All!B:B,"private",All!S:S,B33,All!$C:$C,'Private by Sport'!A33) -> 1 | K33: =COUNTIFS(All!B:B,"private",All!X:X,'Private by Sport'!B33,All!C:C,'Private by Sport'!A33) -> 8 | L33: =COUNTIFS(All!B:B,"private",All!Y:Y,'Private by Sport'!B33,All!$C:$C,'Private by Sport'!A33) -> 8 | M33: =COUNTIFS(All!B:B,"private",All!Z:Z,'Private by Sport'!B33,All!$C:$C,'Private by Sport'!A33) -> 1
A34: 4 | B34: 3A | C34: =COUNTIFS(All!B:B,"private",All!K:K,B34,All!$C:$C,'Private by Sport'!A34) -> 1 | D34: =COUNTIFS(All!B:B,"private",All!M:M,B34,All!$C:$C,'Private by Sport'!A34) -> 0 | F34: =COUNTIFS(All!B:B,"private",All!M:M,B34,All!$C:$C,'Private by Sport'!A34) -> 0 | G34: =COUNTIFS(All!B:B,"private",All!Q:Q,B34,All!$C:$C,'Private by Sport'!A34) -> 2 | H34: =COUNTIFS(All!B:B,"private",All!R:R,B34,All!$C:$C,'Private by Sport'!A34) -> 0 | I34: =COUNTIFS(All!B:B,"private",All!S:S,B34,All!$C:$C,'Private by Sport'!A34) -> 0 | K34: =COUNTIFS(All!B:B,"private",All!X:X,'Private by Sport'!B34,All!C:C,'Private by Sport'!A34) -> 3 | L34: =COUNTIFS(All!B:B,"private",All!Y:Y,'Private by Sport'!B34,All!$C:$C,'Private by Sport'!A34) -> 0 | M34: =COUNTIFS(All!B:B,"private",All!Z:Z,'Private by Sport'!B34,All!$C:$C,'Private by Sport'!A34) -> 1
A35: 5 | B35: 3A | C35: =COUNTIFS(All!B:B,"private",All!K:K,B35,All!$C:$C,'Private by Sport'!A35) -> 0 | D35: =COUNTIFS(All!B:B,"private",All!M:M,B35,All!$C:$C,'Private by Sport'!A35) -> 0 | F35: =COUNTIFS(All!B:B,"private",All!M:M,B35,All!$C:$C,'Private by Sport'!A35) -> 0 | G35: =COUNTIFS(All!B:B,"private",All!Q:Q,B35,All!$C:$C,'Private by Sport'!A35) -> 0 | H35: =COUNTIFS(All!B:B,"private",All!R:R,B35,All!$C:$C,'Private by Sport'!A35) -> 0 | I35: =COUNTIFS(All!B:B,"private",All!S:S,B35,All!$C:$C,'Private by Sport'!A35) -> 0 | K35: =COUNTIFS(All!B:B,"private",All!X:X,'Private by Sport'!B35,All!C:C,'Private by Sport'!A35) -> 0 | L35: =COUNTIFS(All!B:B,"private",All!Y:Y,'Private by Sport'!B35,All!$C:$C,'Private by Sport'!A35) -> 0 | M35: =COUNTIFS(All!B:B,"private",All!Z:Z,'Private by Sport'!B35,All!$C:$C,'Private by Sport'!A35) -> 0
A36: 6 | B36: 3A | C36: =COUNTIFS(All!B:B,"private",All!K:K,B36,All!$C:$C,'Private by Sport'!A36) -> 0 | D36: =COUNTIFS(All!B:B,"private",All!M:M,B36,All!$C:$C,'Private by Sport'!A36) -> 1 | F36: =COUNTIFS(All!B:B,"private",All!M:M,B36,All!$C:$C,'Private by Sport'!A36) -> 1 | G36: =COUNTIFS(All!B:B,"private",All!Q:Q,B36,All!$C:$C,'Private by Sport'!A36) -> 1 | H36: =COUNTIFS(All!B:B,"private",All!R:R,B36,All!$C:$C,'Private by Sport'!A36) -> 0 | I36: =COUNTIFS(All!B:B,"private",All!S:S,B36,All!$C:$C,'Private by Sport'!A36) -> 0 | K36: =COUNTIFS(All!B:B,"private",All!X:X,'Private by Sport'!B36,All!C:C,'Private by Sport'!A36) -> 1 | L36: =COUNTIFS(All!B:B,"private",All!Y:Y,'Private by Sport'!B36,All!$C:$C,'Private by Sport'!A36) -> 0 | M36: =COUNTIFS(All!B:B,"private",All!Z:Z,'Private by Sport'!B36,All!$C:$C,'Private by Sport'!A36) -> 0
A37: 7 | B37: 3A | C37: =COUNTIFS(All!B:B,"private",All!K:K,B37,All!$C:$C,'Private by Sport'!A37) -> 0 | D37: =COUNTIFS(All!B:B,"private",All!M:M,B37,All!$C:$C,'Private by Sport'!A37) -> 1 | F37: =COUNTIFS(All!B:B,"private",All!M:M,B37,All!$C:$C,'Private by Sport'!A37) -> 1 | G37: =COUNTIFS(All!B:B,"private",All!Q:Q,B37,All!$C:$C,'Private by Sport'!A37) -> 0 | H37: =COUNTIFS(All!B:B,"private",All!R:R,B37,All!$C:$C,'Private by Sport'!A37) -> 0 | I37: =COUNTIFS(All!B:B,"private",All!S:S,B37,All!$C:$C,'Private by Sport'!A37) -> 0 | K37: =COUNTIFS(All!B:B,"private",All!X:X,'Private by Sport'!B37,All!C:C,'Private by Sport'!A37) -> 0 | L37: =COUNTIFS(All!B:B,"private",All!Y:Y,'Private by Sport'!B37,All!$C:$C,'Private by Sport'!A37) -> 0 | M37: =COUNTIFS(All!B:B,"private",All!Z:Z,'Private by Sport'!B37,All!$C:$C,'Private by Sport'!A37) -> 0
C39: =SUM(C31:C38) -> 10 | D39: =SUM(D31:D38) -> 18 | F39: =SUM(F31:F38) -> 18 | G39: =SUM(G31:G38) -> 14 | H39: =SUM(H31:H38) -> 4 | I39: =SUM(I31:I38) -> 3 | K39: =SUM(K31:K38) -> 19 | L39: =SUM(L31:L38) -> 12 | M39: =SUM(M31:M38) -> 8
A41: 1 | B41: 4A | C41: =COUNTIFS(All!B:B,"private",All!K:K,B41,All!$C:$C,'Private by Sport'!A41) -> 0 | D41: =COUNTIFS(All!B:B,"private",All!M:M,B41,All!$C:$C,'Private by Sport'!A41) -> 4 | F41: =COUNTIFS(All!B:B,"private",All!M:M,B41,All!$C:$C,'Private by Sport'!A41) -> 4 | G41: =COUNTIFS(All!B:B,"private",All!Q:Q,B41,All!$C:$C,'Private by Sport'!A41) -> 4 | H41: =COUNTIFS(All!B:B,"private",All!R:R,B41,All!$C:$C,'Private by Sport'!A41) -> 0 | I41: =COUNTIFS(All!B:B,"private",All!S:S,B41,All!$C:$C,'Private by Sport'!A41) -> 0 | K41: =COUNTIFS(All!$B:$B,"private",All!X:X,'Private by Sport'!B41,All!$C:$C,'Private by Sport'!A41) -> 6 | L41: =COUNTIFS(All!B:B,"private",All!Y:Y,'Private by Sport'!B41,All!$C:$C,'Private by Sport'!A41) -> 3 | M41: =COUNTIFS(All!B:B,"private",All!Z:Z,'Private by Sport'!B41,All!$C:$C,'Private by Sport'!A41) -> 0
A42: 2 | B42: 4A | C42: =COUNTIFS(All!B:B,"private",All!K:K,B42,All!$C:$C,'Private by Sport'!A42) -> 0 | D42: =COUNTIFS(All!B:B,"private",All!M:M,B42,All!$C:$C,'Private by Sport'!A42) -> 2 | F42: =COUNTIFS(All!B:B,"private",All!M:M,B42,All!$C:$C,'Private by Sport'!A42) -> 2 | G42: =COUNTIFS(All!B:B,"private",All!Q:Q,B42,All!$C:$C,'Private by Sport'!A42) -> 3 | H42: =COUNTIFS(All!B:B,"private",All!R:R,B42,All!$C:$C,'Private by Sport'!A42) -> 0 | I42: =COUNTIFS(All!B:B,"private",All!S:S,B42,All!$C:$C,'Private by Sport'!A42) -> 0 | K42: =COUNTIFS(All!B:B,"private",All!X:X,'Private by Sport'!B42,All!C:C,'Private by Sport'!A42) -> 3 | L42: =COUNTIFS(All!B:B,"private",All!Y:Y,'Private by Sport'!B42,All!$C:$C,'Private by Sport'!A42) -> 3 | M42: =COUNTIFS(All!B:B,"private",All!Z:Z,'Private by Sport'!B42,All!$C:$C,'Private by Sport'!A42) -> 0
A43: 3 | B43: 4A | C43: =COUNTIFS(All!B:B,"private",All!K:K,B43,All!$C:$C,'Private by Sport'!A43) -> 0 | D43: =COUNTIFS(All!B:B,"private",All!M:M,B43,All!$C:$C,'Private by Sport'!A43) -> 2 | F43: =COUNTIFS(All!B:B,"private",All!M:M,B43,All!$C:$C,'Private by Sport'!A43) -> 2 | G43: =COUNTIFS(All!B:B,"private",All!Q:Q,B43,All!$C:$C,'Private by Sport'!A43) -> 3 | H43: =COUNTIFS(All!B:B,"private",All!R:R,B43,All!$C:$C,'Private by Sport'!A43) -> 0 | I43: =COUNTIFS(All!B:B,"private",All!S:S,B43,All!$C:$C,'Private by Sport'!A43) -> 0 | K43: =COUNTIFS(All!B:B,"private",All!X:X,'Private by Sport'!B43,All!C:C,'Private by Sport'!A43) -> 2 | L43: =COUNTIFS(All!B:B,"private",All!Y:Y,'Private by Sport'!B43,All!$C:$C,'Private by Sport'!A43) -> 1 | M43: =COUNTIFS(All!B:B,"private",All!Z:Z,'Private by Sport'!B43,All!$C:$C,'Private by Sport'!A43) -> 0
A44: 4 | B44: 4A | C44: =COUNTIFS(All!B:B,"private",All!K:K,B44,All!$C:$C,'Private by Sport'!A44) -> 0 | D44: =COUNTIFS(All!B:B,"private",All!M:M,B44,All!$C:$C,'Private by Sport'!A44) -> 0 | F44: =COUNTIFS(All!B:B,"private",All!M:M,B44,All!$C:$C,'Private by Sport'!A44) -> 0 | G44: =COUNTIFS(All!B:B,"private",All!Q:Q,B44,All!$C:$C,'Private by Sport'!A44) -> 0 | H44: =COUNTIFS(All!B:B,"private",All!R:R,B44,All!$C:$C,'Private by Sport'!A44) -> 0 | I44: =COUNTIFS(All!B:B,"private",All!S:S,B44,All!$C:$C,'Private by Sport'!A44) -> 0 | K44: =COUNTIFS(All!B:B,"private",All!X:X,'Private by Sport'!B44,All!C:C,'Private by Sport'!A44) -> 0 | L44: =COUNTIFS(All!B:B,"private",All!Y:Y,'Private by Sport'!B44,All!$C:$C,'Private by Sport'!A44) -> 0 | M44: =COUNTIFS(All!B:B,"private",All!Z:Z,'Private by Sport'!B44,All!$C:$C,'Private by Sport'!A44) -> 0
A45: 5 | B45: 4A | C45: =COUNTIFS(All!B:B,"private",All!K:K,B45,All!$C:$C,'Private by Sport'!A45) -> 0 | D45: =COUNTIFS(All!B:B,"private",All!M:M,B45,All!$C:$C,'Private by Sport'!A45) -> 0 | F45: =COUNTIFS(All!B:B,"private",All!M:M,B45,All!$C:$C,'Private by Sport'!A45) -> 0 | G45: =COUNTIFS(All!B:B,"private",All!Q:Q,B45,All!$C:$C,'Private by Sport'!A45) -> 0 | H45: =COUNTIFS(All!B:B,"private",All!R:R,B45,All!$C:$C,'Private by Sport'!A45) -> 0 | I45: =COUNTIFS(All!B:B,"private",All!S:S,B45,All!$C:$C,'Private by Sport'!A45) -> 0 | K45: =COUNTIFS(All!B:B,"private",All!X:X,'Private by Sport'!B45,All!C:C,'Private by Sport'!A45) -> 0 | L45: =COUNTIFS(All!B:B,"private",All!Y:Y,'Private by Sport'!B45,All!$C:$C,'Private by Sport'!A45) -> 0 | M45: =COUNTIFS(All!B:B,"private",All!Z:Z,'Private by Sport'!B45,All!$C:$C,'Private by Sport'!A45) -> 0
A46: 6 | B46: 4A | C46: =COUNTIFS(All!B:B,"private",All!K:K,B46,All!$C:$C,'Private by Sport'!A46) -> 0 | D46: =COUNTIFS(All!B:B,"private",All!M:M,B46,All!$C:$C,'Private by Sport'!A46) -> 0 | F46: =COUNTIFS(All!B:B,"private",All!M:M,B46,All!$C:$C,'Private by Sport'!A46) -> 0 | G46: =COUNTIFS(All!B:B,"private",All!Q:Q,B46,All!$C:$C,'Private by Sport'!A46) -> 0 | H46: =COUNTIFS(All!B:B,"private",All!R:R,B46,All!$C:$C,'Private by Sport'!A46) -> 0 | I46: =COUNTIFS(All!B:B,"private",All!S:S,B46,All!$C:$C,'Private by Sport'!A46) -> 0 | K46: =COUNTIFS(All!B:B,"private",All!X:X,'Private by Sport'!B46,All!C:C,'Private by Sport'!A46) -> 0 | L46: =COUNTIFS(All!B:B,"private",All!Y:Y,'Private by Sport'!B46,All!$C:$C,'Private by Sport'!A46) -> 0 | M46: =COUNTIFS(All!B:B,"private",All!Z:Z,'Private by Sport'!B46,All!$C:$C,'Private by Sport'!A46) -> 0
A47: 7 | B47: 4A | C47: =COUNTIFS(All!B:B,"private",All!K:K,B47,All!$C:$C,'Private by Sport'!A47) -> 0 | D47: =COUNTIFS(All!B:B,"private",All!M:M,B47,All!$C:$C,'Private by Sport'!A47) -> 0 | F47: =COUNTIFS(All!B:B,"private",All!M:M,B47,All!$C:$C,'Private by Sport'!A47) -> 0 | G47: =COUNTIFS(All!B:B,"private",All!Q:Q,B47,All!$C:$C,'Private by Sport'!A47) -> 0 | H47: =COUNTIFS(All!B:B,"private",All!R:R,B47,All!$C:$C,'Private by Sport'!A47) -> 0 | I47: =COUNTIFS(All!B:B,"private",All!S:S,B47,All!$C:$C,'Private by Sport'!A47) -> 0 | K47: =COUNTIFS(All!B:B,"private",All!X:X,'Private by Sport'!B47,All!C:C,'Private by Sport'!A47) -> 0 | L47: =COUNTIFS(All!B:B,"private",All!Y:Y,'Private by Sport'!B47,All!$C:$C,'Private by Sport'!A47) -> 0 | M47: =COUNTIFS(All!B:B,"private",All!Z:Z,'Private by Sport'!B47,All!$C:$C,'Private by Sport'!A47) -> 0
C49: =SUM(C41:C48) -> 0 | D49: =SUM(D41:D48) -> 8 | F49: =SUM(F41:F48) -> 8 | G49: =SUM(G41:G48) -> 10 | H49: =SUM(H41:H48) -> 0 | I49: =SUM(I41:I48) -> 0 | K49: =SUM(K41:K48) -> 11 | L49: =SUM(L41:L48) -> 7 | M49: =SUM(M41:M48) -> 0

Sheet Public v Private
A1: School | B1: Enrollment | C1: Public/Private | D1: Division | E1: District | J1: CCB | K1: CCG | L1: GOB | M1: GOG | N1: SOB | O1: TNG | P1: VBG | R1: BKB | S1: BKG | T1: CHC | U1: DAC | V1: SCB | W1: WR | Y1: BA | Z1: SBG | AA1: SOG | AB1: TNB | AC1: TRB | AD1: TRG
A2: Abingdon (A.-Avon) | B2: 275 | J2: =IFERROR(IF(INDEX(Fall!$1:$1048576,MATCH($A2,Fall!$A:$A,FALSE),MATCH(J$1,Fall!$1:$1,FALSE))="","",INDEX(Fall!$1:$1048576,MATCH($A2,Fall!$A:$A,FALSE),MATCH(J$1,Fall!$1:$1,FALSE))),"") -> 1A | K2: =IFERROR(IF(INDEX(Fall!$1:$1048576,MATCH($A2,Fall!$A:$A,FALSE),MATCH(K$1,Fall!$1:$1,FALSE))="","",INDEX(Fall!$1:$1048576,MATCH($A2,Fall!$A:$A,FALSE),MATCH(K$1,Fall!$1:$1,FALSE))),"") -> 1A | L2: =IFERROR(IF(INDEX(Fall!$1:$1048576,MATCH($A2,Fall!$A:$A,FALSE),MATCH(L$1,Fall!$1:$1,FALSE))="","",INDEX(Fall!$1:$1048576,MATCH($A2,Fall!$A:$A,FALSE),MATCH(L$1,Fall!$1:$1,FALSE))),"") -> 1A | M2: =IFERROR(IF(INDEX(Fall!$1:$1048576,MATCH($A2,Fall!$A:$A,FALSE),MATCH(M$1,Fall!$1:$1,FALSE))="","",INDEX(Fall!$1:$1048576,MATCH($A2,Fall!$A:$A,FALSE),MATCH(M$1,Fall!$1:$1,FALSE))),"") | N2: =IFERROR(IF(INDEX(Fall!$1:$1048576,MATCH($A2,Fall!$A:$A,FALSE),MATCH(N$1,Fall!$1:$1,FALSE))="","",INDEX(Fall!$1:$1048576,MATCH($A2,Fall!$A:$A,FALSE),MATCH(N$1,Fall!$1:$1,FALSE))),"") -> 1A | O2: =IFERROR(IF(INDEX(Fall!$1:$1048576,MATCH($A2,Fall!$A:$A,FALSE),MATCH(O$1,Fall!$1:$1,FALSE))="","",INDEX(Fall!$1:$1048576,MATCH($A2,Fall!$A:$A,FALSE),MATCH(O$1,Fall!$1:$1,FALSE))),"") | P2: =IFERROR(IF(INDEX(Fall!$1:$1048576,MATCH($A2,Fall!$A:$A,FALSE),MATCH(P$1,Fall!$1:$1,FALSE))="","",INDEX(Fall!$1:$1048576,MATCH($A2,Fall!$A:$A,FALSE),MATCH(P$1,Fall!$1:$1,FALSE))),"") -> 1A | R2: =IFERROR(IF(INDEX(Winter!$1:$1048576,MATCH($A2,Winter!$A:$A,FALSE),MATCH(R$1,Winter!$1:$1,FALSE))="","",INDEX(Winter!$1:$1048576,MATCH($A2,Winter!$A:$A,FALSE),MATCH(R$1,Winter!$1:$1,FALSE))),"") -> 1A | S2: =IFERROR(IF(INDEX(Winter!$1:$1048576,MATCH($A2,Winter!$A:$A,FALSE),MATCH(S$1,Winter!$1:$1,FALSE))="","",INDEX(Winter!$1:$1048576,MATCH($A2,Winter!$A:$A,FALSE),MATCH(S$1,Winter!$1:$1,FALSE))),"") -> 1A | T2: =IFERROR(IF(INDEX(Winter!$1:$1048576,MATCH($A2,Winter!$A:$A,FALSE),MATCH(T$1,Winter!$1:$1,FALSE))="","",INDEX(Winter!$1:$1048576,MATCH($A2,Winter!$A:$A,FALSE),MATCH(T$1,Winter!$1:$1,FALSE))),"") | U2: =IFERROR(IF(INDEX(Winter!$1:$1048576,MATCH($A2,Winter!$A:$A,FALSE),MATCH(U$1,Winter!$1:$1,FALSE))="","",INDEX(Winter!$1:$1048576,MATCH($A2,Winter!$A:$A,FALSE),MATCH(U$1,Winter!$1:$1,FALSE))),"") | V2: =IFERROR(IF(INDEX(Winter!$1:$1048576,MATCH($A2,Winter!$A:$A,FALSE),MATCH(V$1,Winter!$1:$1,FALSE))="","",INDEX(Winter!$1:$1048576,MATCH($A2,Winter!$A:$A,FALSE),MATCH(V$1,Winter!$1:$1,FALSE))),"") -> 1A | W2: =IFERROR(IF(INDEX(Winter!$1:$1048576,MATCH($A2,Winter!$A:$A,FALSE),MATCH(W$1,Winter!$1:$1,FALSE))="","",INDEX(Winter!$1:$1048576,MATCH($A2,Winter!$A:$A,FALSE),MATCH(W$1,Winter!$1:$1,FALSE))),"") -> 1A | Y2: =IFERROR(IF(INDEX(Spring!$1:$1048576,MATCH($A2,Spring!$A:$A,FALSE),MATCH(Y$1,Spring!$1:$1,FALSE))="","",INDEX(Spring!$1:$1048576,MATCH($A2,Spring!$A:$A,FALSE),MATCH(Y$1,Spring!$1:$1,FALSE))),"") -> 1A | Z2: =IFERROR(IF(INDEX(Spring!$1:$1048576,MATCH($A2,Spring!$A:$A,FALSE),MATCH(Z$1,Spring!$1:$1,FALSE))="","",INDEX(Spring!$1:$1048576,MATCH($A2,Spring!$A:$A,FALSE),MATCH(Z$1,Spring!$1:$1,FALSE))),"") -> 1A | AA2: =IFERROR(IF(INDEX(Spring!$1:$1048576,MATCH($A2,Spring!$A:$A,FALSE),MATCH(AA$1,Spring!$1:$1,FALSE))="","",INDEX(Spring!$1:$1048576,MATCH($A2,Spring!$A:$A,FALSE),MATCH(AA$1,Spring!$1:$1,FALSE))),"") | AB2: =IFERROR(IF(INDEX(Spring!$1:$1048576,MATCH($A2,Spring!$A:$A,FALSE),MATCH(AB$1,Spring!$1:$1,FALSE))="","",INDEX(Spring!$1:$1048576,MATCH($A2,Spring!$A:$A,FALSE),MATCH(AB$1,Spring!$1:$1,FALSE))),"") | AC2: =IFERROR(IF(INDEX(Spring!$1:$1048576,MATCH($A2,Spring!$A:$A,FALSE),MATCH(AC$1,Spring!$1:$1,FALSE))="","",INDEX(Spring!$1:$1048576,MATCH($A2,Spring!$A:$A,FALSE),MATCH(AC$1,Spring!$1:$1,FALSE))),"") -> 1A | AD2: =IFERROR(IF(INDEX(Spring!$1:$1048576,MATCH($A2,Spring!$A:$A,FALSE),MATCH(AD$1,Spring!$1:$1,FALSE))="","",INDEX(Spring!$1:$1048576,MATCH($A2,Spring!$A:$A,FALSE),MATCH(AD$1,Spring!$1:$1,FALSE))),"") -> 1A
A3: Addison (A. Trail) | B3: 1876 | J3: =IFERROR(IF(INDEX(Fall!$1:$1048576,MATCH($A3,Fall!$A:$A,FALSE),MATCH(J$1,Fall!$1:$1,FALSE))="","",INDEX(Fall!$1:$1048576,MATCH($A3,Fall!$A:$A,FALSE),MATCH(J$1,Fall!$1:$1,FALSE))),"") -> 3A | K3: =IFERROR(IF(INDEX(Fall!$1:$1048576,MATCH($A3,Fall!$A:$A,FALSE),MATCH(K$1,Fall!$1:$1,FALSE))="","",INDEX(Fall!$1:$1048576,MATCH($A3,Fall!$A:$A,FALSE),MATCH(K$1,Fall!$1:$1,FALSE))),"") -> 3A | L3: =IFERROR(IF(INDEX(Fall!$1:$1048576,MATCH($A3,Fall!$A:$A,FALSE),MATCH(L$1,Fall!$1:$1,FALSE))="","",INDEX(Fall!$1:$1048576,MATCH($A3,Fall!$A:$A,FALSE),MATCH(L$1,Fall!$1:$1,FALSE))),"") -> 3A | M3: =IFERROR(IF(INDEX(Fall!$1:$1048576,MATCH($A3,Fall!$A:$A,FALSE),MATCH(M$1,Fall!$1:$1,FALSE))="","",INDEX(Fall!$1:$1048576,MATCH($A3,Fall!$A:$A,FALSE),MATCH(M$1,Fall!$1:$1,FALSE))),"") -> 2A | N3: =IFERROR(IF(INDEX(Fall!$1:$1048576,MATCH($A3,Fall!$A:$A,FALSE),MATCH(N$1,Fall!$1:$1,FALSE))="","",INDEX(Fall!$1:$1048576,MATCH($A3,Fall!$A:$A,FALSE),MATCH(N$1,Fall!$1:$1,FALSE))),"") -> 3A | O3: =IFERROR(IF(INDEX(Fall!$1:$1048576,MATCH($A3,Fall!$A:$A,FALSE),MATCH(O$1,Fall!$1:$1,FALSE))="","",INDEX(Fall!$1:$1048576,MATCH($A3,Fall!$A:$A,FALSE),MATCH(O$1,Fall!$1:$1,FALSE))),"") -> 2A | P3: =IFERROR(IF(INDEX(Fall!$1:$1048576,MATCH($A3,Fall!$A:$A,FALSE),MATCH(P$1,Fall!$1:$1,FALSE))="","",INDEX(Fall!$1:$1048576,MATCH($A3,Fall!$A:$A,FALSE),MATCH(P$1,Fall!$1:$1,FALSE))),"") -> 4A | R3: =IFERROR(IF(INDEX(Winter!$1:$1048576,MATCH($A3,Winter!$A:$A,FALSE),MATCH(R$1,Winter!$1:$1,FALSE))="","",INDEX(Winter!$1:$1048576,MATCH($A3,Winter!$A:$A,FALSE),MATCH(R$1,Winter!$1:$1,FALSE))),"") -> 4A | S3: =IFERROR(IF(INDEX(Winter!$1:$1048576,MATCH($A3,Winter!$A:$A,FALSE),MATCH(S$1,Winter!$1:$1,FALSE))="","",INDEX(Winter!$1:$1048576,MATCH($A3,Winter!$A:$A,FALSE),MATCH(S$1,Winter!$1:$1,FALSE))),"") -> 4A | T3: =IFERROR(IF(INDEX(Winter!$1:$1048576,MATCH($A3,Winter!$A:$A,FALSE),MATCH(T$1,Winter!$1:$1,FALSE))="","",INDEX(Winter!$1:$1048576,MATCH($A3,Winter!$A:$A,FALSE),MATCH(T$1,Winter!$1:$1,FALSE))),"") -> C | U3: =IFERROR(IF(INDEX(Winter!$1:$1048576,MATCH($A3,Winter!$A:$A,FALSE),MATCH(U$1,Winter!$1:$1,FALSE))="","",INDEX(Winter!$1:$1048576,MATCH($A3,Winter!$A:$A,FALSE),MATCH(U$1,Winter!$1:$1,FALSE))),"") -> 2A | V3: =IFERROR(IF(INDEX(Winter!$1:$1048576,MATCH($A3,Winter!$A:$A,FALSE),MATCH(V$1,Winter!$1:$1,FALSE))="","",INDEX(Winter!$1:$1048576,MATCH($A3,Winter!$A:$A,FALSE),MATCH(V$1,Winter!$1:$1,FALSE))),"") -> 2A | W3: =IFERROR(IF(INDEX(Winter!$1:$1048576,MATCH($A3,Winter!$A:$A,FALSE),MATCH(W$1,Winter!$1:$1,FALSE))="","",INDEX(Winter!$1:$1048576,MATCH($A3,Winter!$A:$A,FALSE),MATCH(W$1,Winter!$1:$1,FALSE))),"") -> 3A | Y3: =IFERROR(IF(INDEX(Spring!$1:$1048576,MATCH($A3,Spring!$A:$A,FALSE),MATCH(Y$1,Spring!$1:$1,FALSE))="","",INDEX(Spring!$1:$1048576,MATCH($A3,Spring!$A:$A,FALSE),MATCH(Y$1,Spring!$1:$1,FALSE))),"") -> 4A | Z3: =IFERROR(IF(INDEX(Spring!$1:$1048576,MATCH($A3,Spring!$A:$A,FALSE),MATCH(Z$1,Spring!$1:$1,FALSE))="","",INDEX(Spring!$1:$1048576,MATCH($A3,Spring!$A:$A,FALSE),MATCH(Z$1,Spring!$1:$1,FALSE))),"") -> 4A | AA3: =IFERROR(IF(INDEX(Spring!$1:$1048576,MATCH($A3,Spring!$A:$A,FALSE),MATCH(AA$1,Spring!$1:$1,FALSE))="","",INDEX(Spring!$1:$1048576,MATCH($A3,Spring!$A:$A,FALSE),MATCH(AA$1,Spring!$1:$1,FALSE))),"") -> 3A | AB3: =IFERROR(IF(INDEX(Spring!$1:$1048576,MATCH($A3,Spring!$A:$A,FALSE),MATCH(AB$1,Spring!$1:$1,FALSE))="","",INDEX(Spring!$1:$1048576,MATCH($A3,Spring!$A:$A,FALSE),MATCH(AB$1,Spring!$1:$1,FALSE))),"") -> 2A | AC3: =IFERROR(IF(INDEX(Spring!$1:$1048576,MATCH($A3,Spring!$A:$A,FALSE),MATCH(AC$1,Spring!$1:$1,FALSE))="","",INDEX(Spring!$1:$1048576,MATCH($A3,Spring!$A:$A,FALSE),MATCH(AC$1,Spring!$1:$1,FALSE))),"") -> 3A | AD3: =IFERROR(IF(INDEX(Spring!$1:$1048576,MATCH($A3,Spring!$A:$A,FALSE),MATCH(AD$1,Spring!$1:$1,FALSE))="","",INDEX(Spring!$1:$1048576,MATCH($A3,Spring!$A:$A,FALSE),MATCH(AD$1,Spring!$1:$1,FALSE))),"") -> 3A
